pitch,velocity,voice,onset_ql,beat_position,key_duration_ql,acoustic_duration_ql,pedal_extension_ql,next_voice_gap_ql,candidate_duration_ql,candidate_key_gap_ql,candidate_acoustic_gap_ql,candidate_crosses_barline,candidate_has_barline,candidate_has_next_onset,rule_probability,candidate_source,piece,hand,candidate_event_id,review_priority,label,label_source,auto_label_status,alignment_method,reference_part,reference_voice,reference_onset_ql,reference_duration_ql,reference_tie_start,reference_tie_stop,review_class,review_note,acoustic_sustain,performance_pedal_action,published_score_pedal,notation_decision
70,96,4,316.0,0.0,0.125,1.927083333,1.802083333,0.125,0.125,0.0,1.802083333,0,0,1,0.748759292,key-release-grid+next-voice-onset,BeethovenPiano_Sonatas_3-1,RH,BeethovenPiano_Sonatas_3-1:RH:70:316.000000:4,medium,1,reference-score,labeled,external,P1,6,382.0,0.125,0,0,,,,,,
82,94,4,316.0,0.0,0.125,1.927083333,1.802083333,0.125,0.125,0.0,1.802083333,0,0,1,0.748759292,key-release-grid+next-voice-onset,BeethovenPiano_Sonatas_3-1,RH,BeethovenPiano_Sonatas_3-1:RH:82:316.000000:4,medium,1,reference-score,labeled,external,P1,2,382.0,0.125,0,0,,,,,,
80,87,3,316.125,0.03125,0.125,1.802083333,1.677083333,0.125,0.125,0.0,1.677083333,0,0,1,0.75341353,key-release-grid+next-voice-onset,BeethovenPiano_Sonatas_3-1,RH,BeethovenPiano_Sonatas_3-1:RH:80:316.125000:3,medium,1,reference-score,labeled,external,P1,2,382.125,0.125,0,0,,,,,,
68,89,4,316.125,0.03125,0.25,1.802083333,1.552083333,0.375,0.25,0.0,1.552083333,0,0,0,0.738820984,key-release-grid,BeethovenPiano_Sonatas_3-1,RH,BeethovenPiano_Sonatas_3-1:RH:68:316.125000:4,medium,,,unmatched,external,,,,,,,,,,,,
68,89,4,316.125,0.03125,0.25,1.802083333,1.552083333,0.375,0.333333333,0.083333333,1.46875,0,0,0,0.63544103,key-release-grid,BeethovenPiano_Sonatas_3-1,RH,BeethovenPiano_Sonatas_3-1:RH:68:316.125000:4,medium,,,unmatched,external,,,,,,,,,,,,
68,89,4,316.125,0.03125,0.25,1.802083333,1.552083333,0.375,0.375,0.125,1.427083333,0,0,1,0.610264096,next-voice-onset,BeethovenPiano_Sonatas_3-1,RH,BeethovenPiano_Sonatas_3-1:RH:68:316.125000:4,medium,,,unmatched,external,,,,,,,,,,,,
69,67,1,316.25,0.0625,0.125,1.677083333,1.552083333,0.125,0.125,0.0,1.552083333,0,0,1,0.758820984,key-release-grid+next-voice-onset,BeethovenPiano_Sonatas_3-1,RH,BeethovenPiano_Sonatas_3-1:RH:69:316.250000:1,medium,,,unmatched,external,,,,,,,,,,,,
82,78,2,316.25,0.0625,0.25,1.677083333,1.427083333,1.75,0.25,0.0,1.427083333,0,0,0,0.745103548,key-release-grid,BeethovenPiano_Sonatas_3-1,RH,BeethovenPiano_Sonatas_3-1:RH:82:316.250000:2,medium,1,reference-score,labeled,external,P1,2,382.25,0.125,0,0,,,,,,
82,78,2,316.25,0.0625,0.25,1.677083333,1.427083333,1.75,0.333333333,0.083333333,1.34375,0,0,0,0.642384338,key-release-grid,BeethovenPiano_Sonatas_3-1,RH,BeethovenPiano_Sonatas_3-1:RH:82:316.250000:2,medium,0,reference-score,labeled,external,P1,2,382.25,0.125,0,0,,,,,,
82,78,2,316.25,0.0625,0.25,1.677083333,1.427083333,1.75,1.666666667,1.416666667,0.010416666,0,0,0,0.28806598,pedal-acoustic-grid,BeethovenPiano_Sonatas_3-1,RH,BeethovenPiano_Sonatas_3-1:RH:82:316.250000:2,medium,0,reference-score,labeled,external,P1,2,382.25,0.125,0,0,,,,,,
82,78,2,316.25,0.0625,0.25,1.677083333,1.427083333,1.75,1.75,1.5,0.072916667,0,0,1,0.283905666,next-voice-onset+pedal-acoustic-grid,BeethovenPiano_Sonatas_3-1,RH,BeethovenPiano_Sonatas_3-1:RH:82:316.250000:2,medium,0,reference-score,labeled,external,P1,2,382.25,0.125,0,0,,,,,,
82,78,2,316.25,0.0625,0.25,1.677083333,1.427083333,1.75,1.625,1.375,0.052083333,0,0,0,0.279602769,pedal-acoustic-grid,BeethovenPiano_Sonatas_3-1,RH,BeethovenPiano_Sonatas_3-1:RH:82:316.250000:2,medium,0,reference-score,labeled,external,P1,2,382.25,0.125,0,0,,,,,,
70,80,3,316.25,0.0625,0.333333333,1.677083333,1.34375,0.5,0.333333333,0.0,1.34375,0,0,0,0.74984713,key-release-grid,BeethovenPiano_Sonatas_3-1,RH,BeethovenPiano_Sonatas_3-1:RH:70:316.250000:3,medium,0,reference-score,labeled,external,P1,6,382.25,0.125,0,0,,,,,,
70,80,3,316.25,0.0625,0.333333333,1.677083333,1.34375,0.5,0.375,0.041666667,1.302083333,0,0,0,0.696433937,key-release-grid,BeethovenPiano_Sonatas_3-1,RH,BeethovenPiano_Sonatas_3-1:RH:70:316.250000:3,medium,0,reference-score,labeled,external,P1,6,382.25,0.125,0,0,,,,,,
70,80,3,316.25,0.0625,0.333333333,1.677083333,1.34375,0.5,0.25,0.083333333,1.427083333,0,0,0,0.637640756,key-release-grid,BeethovenPiano_Sonatas_3-1,RH,BeethovenPiano_Sonatas_3-1:RH:70:316.250000:3,medium,1,reference-score,labeled,external,P1,6,382.25,0.125,0,0,,,,,,
70,80,3,316.25,0.0625,0.333333333,1.677083333,1.34375,0.5,0.5,0.166666667,1.177083333,0,0,1,0.582455339,next-voice-onset,BeethovenPiano_Sonatas_3-1,RH,BeethovenPiano_Sonatas_3-1:RH:70:316.250000:3,medium,0,reference-score,labeled,external,P1,6,382.25,0.125,0,0,,,,,,
80,74,1,316.375,0.09375,0.125,1.552083333,1.427083333,0.125,0.125,0.0,1.427083333,0,0,1,0.765103548,key-release-grid+next-voice-onset,BeethovenPiano_Sonatas_3-1,RH,BeethovenPiano_Sonatas_3-1:RH:80:316.375000:1,medium,1,reference-score,labeled,external,P1,2,382.375,0.125,0,0,,,,,,
79,90,1,316.5,0.125,0.125,1.427083333,1.302083333,0.125,0.125,0.0,1.302083333,0,0,1,0.772402847,key-release-grid+next-voice-onset,BeethovenPiano_Sonatas_3-1,RH,BeethovenPiano_Sonatas_3-1:RH:79:316.500000:1,medium,1,reference-score,labeled,external,P1,1,382.5,0.25,0,0,,,,,,
68,69,4,316.5,0.125,0.125,1.427083333,1.302083333,0.125,0.125,0.0,1.302083333,0,0,1,0.772402847,key-release-grid+next-voice-onset,BeethovenPiano_Sonatas_3-1,RH,BeethovenPiano_Sonatas_3-1:RH:68:316.500000:4,medium,1,reference-score,labeled,external,P1,5,382.75,0.25,0,0,,,,,,
80,82,1,316.625,0.15625,0.125,1.302083333,1.177083333,0.125,0.125,0.0,1.177083333,0,0,1,0.780883422,key-release-grid+next-voice-onset,BeethovenPiano_Sonatas_3-1,RH,BeethovenPiano_Sonatas_3-1:RH:80:316.625000:1,medium,1,reference-score,labeled,external,P1,1,382.75,0.25,0,0,,,,,,
67,59,4,316.625,0.15625,0.333333333,1.302083333,0.96875,54.5,0.333333333,0.0,0.96875,0,0,0,0.778175861,key-release-grid,BeethovenPiano_Sonatas_3-1,RH,BeethovenPiano_Sonatas_3-1:RH:67:316.625000:4,medium,,,unmatched,external,,,,,,,,,,,,
67,59,4,316.625,0.15625,0.333333333,1.302083333,0.96875,54.5,0.375,0.041666667,0.927083333,0,0,0,0.726215113,key-release-grid,BeethovenPiano_Sonatas_3-1,RH,BeethovenPiano_Sonatas_3-1:RH:67:316.625000:4,medium,,,unmatched,external,,,,,,,,,,,,
67,59,4,316.625,0.15625,0.333333333,1.302083333,0.96875,54.5,0.25,0.083333333,1.052083333,0,0,0,0.663273652,key-release-grid,BeethovenPiano_Sonatas_3-1,RH,BeethovenPiano_Sonatas_3-1:RH:67:316.625000:4,medium,,,unmatched,external,,,,,,,,,,,,
67,59,4,316.625,0.15625,0.333333333,1.302083333,0.96875,54.5,1.25,0.916666667,0.052083333,0,0,0,0.346769088,pedal-acoustic-grid,BeethovenPiano_Sonatas_3-1,RH,BeethovenPiano_Sonatas_3-1:RH:67:316.625000:4,medium,,,unmatched,external,,,,,,,,,,,,
67,59,4,316.625,0.15625,0.333333333,1.302083333,0.96875,54.5,1.333333333,1.0,0.03125,0,0,0,0.335533303,pedal-acoustic-grid,BeethovenPiano_Sonatas_3-1,RH,BeethovenPiano_Sonatas_3-1:RH:67:316.625000:4,medium,,,unmatched,external,,,,,,,,,,,,
67,59,4,316.625,0.15625,0.333333333,1.302083333,0.96875,54.5,3.375,3.041666667,2.072916667,0,1,0,0.062375769,barline,BeethovenPiano_Sonatas_3-1,RH,BeethovenPiano_Sonatas_3-1:RH:67:316.625000:4,medium,,,unmatched,external,,,,,,,,,,,,
67,59,4,316.625,0.15625,0.333333333,1.302083333,0.96875,54.5,54.5,54.166666667,53.197916667,1,0,1,0.018835291,next-voice-onset,BeethovenPiano_Sonatas_3-1,RH,BeethovenPiano_Sonatas_3-1:RH:67:316.625000:4,medium,,,unmatched,external,,,,,,,,,,,,
77,108,1,316.75,0.1875,0.333333333,1.177083333,0.84375,1.0,0.333333333,0.0,0.84375,0,0,0,0.790827392,key-release-grid,BeethovenPiano_Sonatas_3-1,RH,BeethovenPiano_Sonatas_3-1:RH:77:316.750000:1,medium,0,reference-score,labeled,external,P1,1,383.0,1.0,0,0,,,,,,
77,108,1,316.75,0.1875,0.333333333,1.177083333,0.84375,1.0,0.375,0.041666667,0.802083333,0,0,0,0.739515302,key-release-grid,BeethovenPiano_Sonatas_3-1,RH,BeethovenPiano_Sonatas_3-1:RH:77:316.750000:1,medium,0,reference-score,labeled,external,P1,1,383.0,1.0,0,0,,,,,,
77,108,1,316.75,0.1875,0.333333333,1.177083333,0.84375,1.0,0.25,0.083333333,0.927083333,0,0,0,0.674721231,key-release-grid,BeethovenPiano_Sonatas_3-1,RH,BeethovenPiano_Sonatas_3-1:RH:77:316.750000:1,medium,0,reference-score,labeled,external,P1,1,383.0,1.0,0,0,,,,,,
77,108,1,316.75,0.1875,0.333333333,1.177083333,0.84375,1.0,1.0,0.666666667,0.177083333,0,0,1,0.406658076,next-voice-onset,BeethovenPiano_Sonatas_3-1,RH,BeethovenPiano_Sonatas_3-1:RH:77:316.750000:1,medium,1,reference-score,labeled,external,P1,1,383.0,1.0,0,0,,,,,,
65,100,3,316.75,0.1875,0.125,1.177083333,1.052083333,66.875,0.125,0.0,1.052083333,0,0,0,0.770736444,key-release-grid,BeethovenPiano_Sonatas_3-1,RH,BeethovenPiano_Sonatas_3-1:RH:65:316.750000:3,medium,0,reference-score,labeled,external,P1,5,383.0,1.0,0,0,,,,,,
65,100,3,316.75,0.1875,0.125,1.177083333,1.052083333,66.875,1.125,1.0,0.052083333,0,0,0,0.329587964,pedal-acoustic-grid,BeethovenPiano_Sonatas_3-1,RH,BeethovenPiano_Sonatas_3-1:RH:65:316.750000:3,medium,1,reference-score,labeled,external,P1,5,383.0,1.0,0,0,,,,,,
65,100,3,316.75,0.1875,0.125,1.177083333,1.052083333,66.875,1.25,1.125,0.072916667,0,0,0,0.302834175,pedal-acoustic-grid,BeethovenPiano_Sonatas_3-1,RH,BeethovenPiano_Sonatas_3-1:RH:65:316.750000:3,medium,0,reference-score,labeled,external,P1,5,383.0,1.0,0,0,,,,,,
65,100,3,316.75,0.1875,0.125,1.177083333,1.052083333,66.875,1.333333333,1.208333333,0.15625,0,0,0,0.269710242,pedal-acoustic-grid,BeethovenPiano_Sonatas_3-1,RH,BeethovenPiano_Sonatas_3-1:RH:65:316.750000:3,medium,0,reference-score,labeled,external,P1,5,383.0,1.0,0,0,,,,,,
65,100,3,316.75,0.1875,0.125,1.177083333,1.052083333,66.875,3.25,3.125,2.072916667,0,1,0,0.062130693,barline,BeethovenPiano_Sonatas_3-1,RH,BeethovenPiano_Sonatas_3-1:RH:65:316.750000:3,medium,0,reference-score,labeled,external,P1,5,383.0,1.0,0,0,,,,,,
65,100,3,316.75,0.1875,0.125,1.177083333,1.052083333,66.875,66.875,66.75,65.697916667,1,0,1,0.018835291,next-voice-onset,BeethovenPiano_Sonatas_3-1,RH,BeethovenPiano_Sonatas_3-1:RH:65:316.750000:3,medium,0,reference-score,labeled,external,P1,5,383.0,1.0,0,0,,,,,,
77,98,1,317.75,0.4375,0.5,2.455729167,1.955729167,0.5,0.5,0.0,1.955729167,0,0,1,0.743916914,key-release-grid+next-voice-onset,BeethovenPiano_Sonatas_3-1,RH,BeethovenPiano_Sonatas_3-1:RH:77:317.750000:1,medium,,,reference-duration-not-candidate,external,P1,1,384.0,0.25,0,0,,,,,,
86,79,2,318.0,0.5,0.25,2.205729167,1.955729167,0.375,0.25,0.0,1.955729167,0,0,0,0.723916914,key-release-grid,BeethovenPiano_Sonatas_3-1,RH,BeethovenPiano_Sonatas_3-1:RH:86:318.000000:2,medium,,,ambiguous-candidate,external,P1,1,384.25,0.25,0,0,,,,,,
86,79,2,318.0,0.5,0.25,2.205729167,1.955729167,0.375,0.333333333,0.083333333,1.872395834,0,0,0,0.618969486,key-release-grid,BeethovenPiano_Sonatas_3-1,RH,BeethovenPiano_Sonatas_3-1:RH:86:318.000000:2,medium,,,ambiguous-candidate,external,P1,1,384.25,0.25,0,0,,,,,,
86,79,2,318.0,0.5,0.25,2.205729167,1.955729167,0.375,0.375,0.125,1.830729167,0,0,1,0.592948038,next-voice-onset,BeethovenPiano_Sonatas_3-1,RH,BeethovenPiano_Sonatas_3-1:RH:86:318.000000:2,medium,,,ambiguous-candidate,external,P1,1,384.25,0.25,0,0,,,,,,
80,76,1,318.25,0.5625,0.25,1.955729167,1.705729167,0.375,0.25,0.0,1.705729167,0,0,0,0.732284457,key-release-grid,BeethovenPiano_Sonatas_3-1,RH,BeethovenPiano_Sonatas_3-1:RH:80:318.250000:1,medium,,,ambiguous-candidate,external,P1,1,384.5,0.25,0,0,,,,,,
80,76,1,318.25,0.5625,0.25,1.955729167,1.705729167,0.375,0.333333333,0.083333333,1.622395834,0,0,0,0.628217051,key-release-grid,BeethovenPiano_Sonatas_3-1,RH,BeethovenPiano_Sonatas_3-1:RH:80:318.250000:1,medium,,,ambiguous-candidate,external,P1,1,384.5,0.25,0,0,,,,,,
80,76,1,318.25,0.5625,0.25,1.955729167,1.705729167,0.375,0.375,0.125,1.580729167,0,0,1,0.602669736,next-voice-onset,BeethovenPiano_Sonatas_3-1,RH,BeethovenPiano_Sonatas_3-1:RH:80:318.250000:1,medium,,,ambiguous-candidate,external,P1,1,384.5,0.25,0,0,,,,,,
89,78,2,318.375,0.59375,0.125,1.830729167,1.705729167,0.375,0.125,0.0,1.705729167,0,0,0,0.732284457,key-release-grid,BeethovenPiano_Sonatas_3-1,RH,BeethovenPiano_Sonatas_3-1:RH:89:318.375000:2,medium,,,ambiguous-candidate,external,P1,1,384.75,0.25,0,0,,,,,,
89,78,2,318.375,0.59375,0.125,1.830729167,1.705729167,0.375,0.375,0.25,1.455729167,0,0,1,0.488150921,next-voice-onset,BeethovenPiano_Sonatas_3-1,RH,BeethovenPiano_Sonatas_3-1:RH:89:318.375000:2,medium,,,ambiguous-candidate,external,P1,1,384.75,0.25,0,0,,,,,,
74,95,1,318.625,0.65625,0.333333333,1.580729167,1.247395833,0.75,0.333333333,0.0,1.247395834,0,0,0,0.755957133,key-release-grid,BeethovenPiano_Sonatas_3-1,RH,BeethovenPiano_Sonatas_3-1:RH:74:318.625000:1,medium,,,ambiguous-candidate,external,P1,1,385.0,0.25,0,0,,,,,,
74,95,1,318.625,0.65625,0.333333333,1.580729167,1.247395833,0.75,0.375,0.041666667,1.205729167,0,0,0,0.702857206,key-release-grid,BeethovenPiano_Sonatas_3-1,RH,BeethovenPiano_Sonatas_3-1:RH:74:318.625000:1,medium,,,ambiguous-candidate,external,P1,1,385.0,0.25,0,0,,,,,,
74,95,1,318.625,0.65625,0.333333333,1.580729167,1.247395833,0.75,0.25,0.083333333,1.330729167,0,0,0,0.643169316,key-release-grid,BeethovenPiano_Sonatas_3-1,RH,BeethovenPiano_Sonatas_3-1:RH:74:318.625000:1,medium,,,ambiguous-candidate,external,P1,1,385.0,0.25,0,0,,,,,,
74,95,1,318.625,0.65625,0.333333333,1.580729167,1.247395833,0.75,0.75,0.416666667,0.830729167,0,0,1,0.416476461,next-voice-onset,BeethovenPiano_Sonatas_3-1,RH,BeethovenPiano_Sonatas_3-1:RH:74:318.625000:1,medium,,,ambiguous-candidate,external,P1,1,385.0,0.25,0,0,,,,,,
80,77,2,318.75,0.6875,0.25,1.455729167,1.205729167,0.25,0.25,0.0,1.205729167,0,0,1,0.778826117,key-release-grid+next-voice-onset,BeethovenPiano_Sonatas_3-1,RH,BeethovenPiano_Sonatas_3-1:RH:80:318.750000:2,medium,1,reference-score,labeled,external,P1,1,385.25,0.25,0,0,,,,,,
77,76,2,319.0,0.75,0.125,1.205729167,1.080729167,0.25,0.125,0.0,1.080729167,0,0,0,0.768346197,key-release-grid,BeethovenPiano_Sonatas_3-1,RH,BeethovenPiano_Sonatas_3-1:RH:77:319.000000:2,medium,,,ambiguous-candidate,external,P1,1,385.5,0.25,0,0,,,,,,
77,76,2,319.0,0.75,0.125,1.205729167,1.080729167,0.25,0.25,0.125,0.955729167,0,0,1,0.6445675,next-voice-onset,BeethovenPiano_Sonatas_3-1,RH,BeethovenPiano_Sonatas_3-1:RH:77:319.000000:2,medium,,,ambiguous-candidate,external,P1,1,385.5,0.25,0,0,,,,,,
86,55,2,319.25,0.8125,0.125,0.955729167,0.830729167,0.375,0.125,0.0,0.830729167,0,0,0,0.792257716,key-release-grid,BeethovenPiano_Sonatas_3-1,RH,BeethovenPiano_Sonatas_3-1:RH:86:319.250000:2,medium,,,ambiguous-candidate,external,P1,1,385.75,0.25,0,0,,,,,,
86,55,2,319.25,0.8125,0.125,0.955729167,0.830729167,0.375,0.375,0.25,0.580729167,0,0,1,0.569106352,next-voice-onset,BeethovenPiano_Sonatas_3-1,RH,BeethovenPiano_Sonatas_3-1:RH:86:319.250000:2,medium,,,ambiguous-candidate,external,P1,1,385.75,0.25,0,0,,,,,,
68,99,1,319.375,0.84375,0.5,0.830729167,0.330729167,0.875,0.5,0.0,0.330729167,0,0,0,0.868104518,key-release-grid,BeethovenPiano_Sonatas_3-1,RH,BeethovenPiano_Sonatas_3-1:RH:68:319.375000:1,medium,,,reference-duration-not-candidate,external,P1,1,386.0,0.25,0,0,,,,,,
68,99,1,319.375,0.84375,0.5,0.830729167,0.330729167,0.875,0.625,0.125,0.205729167,0,1,0,0.780470134,barline,BeethovenPiano_Sonatas_3-1,RH,BeethovenPiano_Sonatas_3-1:RH:68:319.375000:1,medium,,,reference-duration-not-candidate,external,P1,1,386.0,0.25,0,0,,,,,,
68,99,1,319.375,0.84375,0.5,0.830729167,0.330729167,0.875,0.666666667,0.166666667,0.1640625,1,0,0,0.665728865,key-release-grid+pedal-acoustic-grid,BeethovenPiano_Sonatas_3-1,RH,BeethovenPiano_Sonatas_3-1:RH:68:319.375000:1,medium,,,reference-duration-not-candidate,external,P1,1,386.0,0.25,0,0,,,,,,
68,99,1,319.375,0.84375,0.5,0.830729167,0.330729167,0.875,0.75,0.25,0.080729167,1,0,0,0.61354907,pedal-acoustic-grid,BeethovenPiano_Sonatas_3-1,RH,BeethovenPiano_Sonatas_3-1:RH:68:319.375000:1,medium,,,reference-duration-not-candidate,external,P1,1,386.0,0.25,0,0,,,,,,
68,99,1,319.375,0.84375,0.5,0.830729167,0.330729167,0.875,0.875,0.375,0.044270833,1,0,1,0.553495693,next-voice-onset+pedal-acoustic-grid,BeethovenPiano_Sonatas_3-1,RH,BeethovenPiano_Sonatas_3-1:RH:68:319.375000:1,medium,,,reference-duration-not-candidate,external,P1,1,386.0,0.25,0,0,,,,,,
77,76,2,319.625,0.90625,0.125,0.580729167,0.455729167,0.125,0.125,0.0,0.455729167,0,0,1,0.8646889,key-release-grid+next-voice-onset,BeethovenPiano_Sonatas_3-1,RH,BeethovenPiano_Sonatas_3-1:RH:77:319.625000:2,medium,1,reference-score,labeled,external,P1,1,386.25,0.25,0,0,,,,,,
74,78,2,319.75,0.9375,0.125,0.455729167,0.330729167,0.25,0.125,0.0,0.330729167,0,0,0,0.868104518,key-release-grid,BeethovenPiano_Sonatas_3-1,RH,BeethovenPiano_Sonatas_3-1:RH:74:319.750000:2,medium,,,ambiguous-candidate,external,P1,1,386.5,0.25,0,0,,,,,,
74,78,2,319.75,0.9375,0.125,0.455729167,0.330729167,0.25,0.25,0.125,0.205729167,0,1,1,0.800470134,barline+next-voice-onset,BeethovenPiano_Sonatas_3-1,RH,BeethovenPiano_Sonatas_3-1:RH:74:319.750000:2,medium,,,ambiguous-candidate,external,P1,1,386.5,0.25,0,0,,,,,,
80,75,2,320.0,0.0,0.125,0.205729167,0.080729167,0.375,0.125,0.0,0.080729167,0,0,0,0.926917364,key-release-grid,BeethovenPiano_Sonatas_3-1,RH,BeethovenPiano_Sonatas_3-1:RH:80:320.000000:2,normal,,,ambiguous-candidate,external,P1,1,386.75,0.25,0,0,,,,,,
80,75,2,320.0,0.0,0.125,0.205729167,0.080729167,0.375,0.25,0.125,0.044270833,0,0,0,0.782225916,pedal-acoustic-grid,BeethovenPiano_Sonatas_3-1,RH,BeethovenPiano_Sonatas_3-1:RH:80:320.000000:2,normal,,,ambiguous-candidate,external,P1,1,386.75,0.25,0,0,,,,,,
80,75,2,320.0,0.0,0.125,0.205729167,0.080729167,0.375,0.333333333,0.208333333,0.127604166,0,0,0,0.675974057,pedal-acoustic-grid,BeethovenPiano_Sonatas_3-1,RH,BeethovenPiano_Sonatas_3-1:RH:80:320.000000:2,normal,,,ambiguous-candidate,external,P1,1,386.75,0.25,0,0,,,,,,
80,75,2,320.0,0.0,0.125,0.205729167,0.080729167,0.375,0.375,0.25,0.169270833,0,0,1,0.648615515,next-voice-onset,BeethovenPiano_Sonatas_3-1,RH,BeethovenPiano_Sonatas_3-1:RH:80:320.000000:2,normal,,,ambiguous-candidate,external,P1,1,386.75,0.25,0,0,,,,,,
65,90,1,320.25,0.0625,0.333333333,0.768229167,0.434895833,0.375,0.333333333,0.0,0.434895834,0,0,0,0.848351716,key-release-grid,BeethovenPiano_Sonatas_3-1,RH,BeethovenPiano_Sonatas_3-1:RH:65:320.250000:1,medium,,,ambiguous-candidate,external,P1,1,387.0,0.25,0,0,,,,,,
65,90,1,320.25,0.0625,0.333333333,0.768229167,0.434895833,0.375,0.375,0.041666667,0.393229167,0,0,1,0.819988961,key-release-grid+next-voice-onset,BeethovenPiano_Sonatas_3-1,RH,BeethovenPiano_Sonatas_3-1:RH:65:320.250000:1,medium,,,ambiguous-candidate,external,P1,1,387.0,0.25,0,0,,,,,,
65,90,1,320.25,0.0625,0.333333333,0.768229167,0.434895833,0.375,0.25,0.083333333,0.518229167,0,0,0,0.726771392,key-release-grid,BeethovenPiano_Sonatas_3-1,RH,BeethovenPiano_Sonatas_3-1:RH:65:320.250000:1,medium,,,ambiguous-candidate,external,P1,1,387.0,0.25,0,0,,,,,,
74,79,2,320.375,0.09375,0.125,0.643229167,0.518229167,0.375,0.125,0.0,0.518229167,0,0,0,0.834234184,key-release-grid,BeethovenPiano_Sonatas_3-1,RH,BeethovenPiano_Sonatas_3-1:RH:74:320.375000:2,medium,,,ambiguous-candidate,external,P1,1,387.25,0.25,0,0,,,,,,
74,79,2,320.375,0.09375,0.125,0.643229167,0.518229167,0.375,0.375,0.25,0.268229167,0,0,1,0.625768658,next-voice-onset,BeethovenPiano_Sonatas_3-1,RH,BeethovenPiano_Sonatas_3-1:RH:74:320.375000:2,medium,,,ambiguous-candidate,external,P1,1,387.25,0.25,0,0,,,,,,
68,79,1,320.625,0.15625,0.125,0.393229167,0.268229167,0.25,0.125,0.0,0.268229167,0,0,0,0.881197196,key-release-grid,BeethovenPiano_Sonatas_3-1,RH,BeethovenPiano_Sonatas_3-1:RH:68:320.625000:1,medium,,,ambiguous-candidate,external,P1,1,387.5,0.25,0,0,,,,,,
68,79,1,320.625,0.15625,0.125,0.393229167,0.268229167,0.25,0.25,0.125,0.143229167,0,0,1,0.775681655,next-voice-onset,BeethovenPiano_Sonatas_3-1,RH,BeethovenPiano_Sonatas_3-1:RH:68:320.625000:1,medium,,,ambiguous-candidate,external,P1,1,387.5,0.25,0,0,,,,,,
77,71,2,320.75,0.1875,0.125,0.268229167,0.143229167,0.375,0.125,0.0,0.143229167,0,0,0,0.910521107,key-release-grid,BeethovenPiano_Sonatas_3-1,RH,BeethovenPiano_Sonatas_3-1:RH:77:320.750000:2,normal,,,ambiguous-candidate,external,P1,1,387.75,0.25,0,0,,,,,,
77,71,2,320.75,0.1875,0.125,0.268229167,0.143229167,0.375,0.25,0.125,0.018229167,0,0,0,0.789751179,pedal-acoustic-grid,BeethovenPiano_Sonatas_3-1,RH,BeethovenPiano_Sonatas_3-1:RH:77:320.750000:2,normal,,,ambiguous-candidate,external,P1,1,387.75,0.25,0,0,,,,,,
77,71,2,320.75,0.1875,0.125,0.268229167,0.143229167,0.375,0.333333333,0.208333333,0.065104166,0,0,0,0.692680645,pedal-acoustic-grid,BeethovenPiano_Sonatas_3-1,RH,BeethovenPiano_Sonatas_3-1:RH:77:320.750000:2,normal,,,ambiguous-candidate,external,P1,1,387.75,0.25,0,0,,,,,,
77,71,2,320.75,0.1875,0.125,0.268229167,0.143229167,0.375,0.375,0.25,0.106770833,0,0,1,0.664507313,next-voice-onset,BeethovenPiano_Sonatas_3-1,RH,BeethovenPiano_Sonatas_3-1:RH:77:320.750000:2,normal,,,ambiguous-candidate,external,P1,1,387.75,0.25,0,0,,,,,,
62,92,1,320.875,0.21875,0.333333333,0.989583333,0.65625,0.458333333,0.333333333,0.0,0.65625,0,0,0,0.813745207,key-release-grid,BeethovenPiano_Sonatas_3-1,RH,BeethovenPiano_Sonatas_3-1:RH:62:320.875000:1,medium,,,ambiguous-candidate,external,P1,1,388.0,0.25,0,0,,,,,,
62,92,1,320.875,0.21875,0.333333333,0.989583333,0.65625,0.458333333,0.375,0.041666667,0.614583333,0,0,0,0.763608138,key-release-grid,BeethovenPiano_Sonatas_3-1,RH,BeethovenPiano_Sonatas_3-1:RH:62:320.875000:1,medium,,,ambiguous-candidate,external,P1,1,388.0,0.25,0,0,,,,,,
62,92,1,320.875,0.21875,0.333333333,0.989583333,0.65625,0.458333333,0.458333333,0.125,0.53125,0,0,1,0.697313624,next-voice-onset,BeethovenPiano_Sonatas_3-1,RH,BeethovenPiano_Sonatas_3-1:RH:62:320.875000:1,medium,,,ambiguous-candidate,external,P1,1,388.0,0.25,0,0,,,,,,
62,92,1,320.875,0.21875,0.333333333,0.989583333,0.65625,0.458333333,0.25,0.083333333,0.739583333,0,0,0,0.695458127,key-release-grid,BeethovenPiano_Sonatas_3-1,RH,BeethovenPiano_Sonatas_3-1:RH:62:320.875000:1,medium,,,ambiguous-candidate,external,P1,1,388.0,0.25,0,0,,,,,,
68,69,2,321.125,0.28125,0.25,0.739583333,0.489583333,0.375,0.25,0.0,0.489583333,0,0,0,0.838928709,key-release-grid,BeethovenPiano_Sonatas_3-1,RH,BeethovenPiano_Sonatas_3-1:RH:68:321.125000:2,high,,,ambiguous-candidate,external,P1,1,388.25,0.25,0,0,,,,,,
68,69,2,321.125,0.28125,0.25,0.739583333,0.489583333,0.375,0.333333333,0.083333333,0.40625,0,0,0,0.746077177,key-release-grid,BeethovenPiano_Sonatas_3-1,RH,BeethovenPiano_Sonatas_3-1:RH:68:321.125000:2,high,,,ambiguous-candidate,external,P1,1,388.25,0.25,0,0,,,,,,
68,69,2,321.125,0.28125,0.25,0.739583333,0.489583333,0.375,0.375,0.125,0.364583333,0,0,1,0.72657268,next-voice-onset,BeethovenPiano_Sonatas_3-1,RH,BeethovenPiano_Sonatas_3-1:RH:68:321.125000:2,high,,,ambiguous-candidate,external,P1,1,388.25,0.25,0,0,,,,,,
65,75,1,321.333333333,0.333333333,0.125,0.53125,0.40625,0.666666667,0.125,0.0,0.40625,0,0,0,0.853539969,key-release-grid,BeethovenPiano_Sonatas_3-1,RH,BeethovenPiano_Sonatas_3-1:RH:65:321.333333:1,medium,1,reference-score,labeled,external,P1,1,388.5,0.25,0,0,,,,,,
65,75,1,321.333333333,0.333333333,0.125,0.53125,0.40625,0.666666667,0.5,0.375,0.03125,0,0,0,0.571455191,pedal-acoustic-grid,BeethovenPiano_Sonatas_3-1,RH,BeethovenPiano_Sonatas_3-1:RH:65:321.333333:1,medium,0,reference-score,labeled,external,P1,1,388.5,0.25,0,0,,,,,,
65,75,1,321.333333333,0.333333333,0.125,0.53125,0.40625,0.666666667,0.666666667,0.541666667,0.135416667,0,0,1,0.46942982,next-voice-onset+pedal-acoustic-grid,BeethovenPiano_Sonatas_3-1,RH,BeethovenPiano_Sonatas_3-1:RH:65:321.333333:1,medium,0,reference-score,labeled,external,P1,1,388.5,0.25,0,0,,,,,,
74,40,2,321.5,0.375,0.125,0.364583333,0.239583333,2.125,0.125,0.0,0.239583333,0,0,0,0.887534142,key-release-grid,BeethovenPiano_Sonatas_3-1,RH,BeethovenPiano_Sonatas_3-1:RH:74:321.500000:2,normal,,,ambiguous-candidate,external,P1,1,388.75,0.25,0,0,,,,,,
74,40,2,321.5,0.375,0.125,0.364583333,0.239583333,2.125,0.25,0.125,0.114583333,0,0,0,0.763044136,pedal-acoustic-grid,BeethovenPiano_Sonatas_3-1,RH,BeethovenPiano_Sonatas_3-1:RH:74:321.500000:2,normal,,,ambiguous-candidate,external,P1,1,388.75,0.25,0,0,,,,,,
74,40,2,321.5,0.375,0.125,0.364583333,0.239583333,2.125,0.333333333,0.208333333,0.03125,0,0,0,0.702267046,pedal-acoustic-grid,BeethovenPiano_Sonatas_3-1,RH,BeethovenPiano_Sonatas_3-1:RH:74:321.500000:2,normal,,,ambiguous-candidate,external,P1,1,388.75,0.25,0,0,,,,,,
74,40,2,321.5,0.375,0.125,0.364583333,0.239583333,2.125,0.375,0.25,0.010416667,0,0,0,0.671465912,pedal-acoustic-grid,BeethovenPiano_Sonatas_3-1,RH,BeethovenPiano_Sonatas_3-1:RH:74:321.500000:2,normal,,,ambiguous-candidate,external,P1,1,388.75,0.25,0,0,,,,,,
74,40,2,321.5,0.375,0.125,0.364583333,0.239583333,2.125,2.125,2.0,1.760416667,0,0,1,0.06305476,next-voice-onset,BeethovenPiano_Sonatas_3-1,RH,BeethovenPiano_Sonatas_3-1:RH:74:321.500000:2,normal,,,ambiguous-candidate,external,P1,1,388.75,0.25,0,0,,,,,,
66,74,1,322.0,0.5,0.125,0.583333333,0.458333333,0.125,0.125,0.0,0.458333333,0,0,1,0.864237453,key-release-grid+next-voice-onset,BeethovenPiano_Sonatas_3-1,RH,BeethovenPiano_Sonatas_3-1:RH:66:322.000000:1,medium,,,unmatched,external,,,,,,,,,,,,
62,70,1,322.125,0.53125,0.125,0.458333333,0.333333333,0.208333333,0.125,0.0,0.333333333,0,0,0,0.867580012,key-release-grid,BeethovenPiano_Sonatas_3-1,RH,BeethovenPiano_Sonatas_3-1:RH:62:322.125000:1,medium,,,ambiguous-candidate,external,P1,1,389.5,0.25,0,0,,,,,,
62,70,1,322.125,0.53125,0.125,0.458333333,0.333333333,0.208333333,0.208333333,0.083333333,0.25,0,0,1,0.797741763,next-voice-onset,BeethovenPiano_Sonatas_3-1,RH,BeethovenPiano_Sonatas_3-1:RH:62:322.125000:1,medium,,,ambiguous-candidate,external,P1,1,389.5,0.25,0,0,,,,,,
68,69,1,322.333333333,0.583333333,0.125,0.25,0.125,0.416666667,0.125,0.0,0.125,0,0,0,0.915176994,key-release-grid,BeethovenPiano_Sonatas_3-1,RH,BeethovenPiano_Sonatas_3-1:RH:68:322.333333:1,normal,,,ambiguous-candidate,external,P1,1,389.75,0.25,0,0,,,,,,
68,69,1,322.333333333,0.583333333,0.125,0.25,0.125,0.416666667,0.25,0.125,0.0,0,0,0,0.795160548,pedal-acoustic-grid,BeethovenPiano_Sonatas_3-1,RH,BeethovenPiano_Sonatas_3-1:RH:68:322.333333:1,normal,,,ambiguous-candidate,external,P1,1,389.75,0.25,0,0,,,,,,
68,69,1,322.333333333,0.583333333,0.125,0.25,0.125,0.416666667,0.333333333,0.208333333,0.083333333,0,0,0,0.687677796,pedal-acoustic-grid,BeethovenPiano_Sonatas_3-1,RH,BeethovenPiano_Sonatas_3-1:RH:68:322.333333:1,normal,,,ambiguous-candidate,external,P1,1,389.75,0.25,0,0,,,,,,
68,69,1,322.333333333,0.583333333,0.125,0.25,0.125,0.416666667,0.416666667,0.291666667,0.166666667,0,0,1,0.61530729,next-voice-onset,BeethovenPiano_Sonatas_3-1,RH,BeethovenPiano_Sonatas_3-1:RH:68:322.333333:1,normal,,,ambiguous-candidate,external,P1,1,389.75,0.25,0,0,,,,,,
62,68,1,322.75,0.6875,0.25,1.434895833,1.184895833,0.25,0.25,0.0,1.184895833,0,0,1,0.780315307,key-release-grid+next-voice-onset,BeethovenPiano_Sonatas_3-1,RH,BeethovenPiano_Sonatas_3-1:RH:62:322.750000:1,medium,1,reference-score,labeled,external,P1,1,390.25,0.25,0,0,,,,,,
65,62,1,323.0,0.75,0.125,1.184895833,1.059895833,0.5,0.125,0.0,1.059895833,0,0,0,0.770076389,key-release-grid,BeethovenPiano_Sonatas_3-1,RH,BeethovenPiano_Sonatas_3-1:RH:65:323.000000:1,medium,1,reference-score,labeled,external,P1,1,390.75,0.25,0,0,,,,,,
65,62,1,323.0,0.75,0.125,1.184895833,1.059895833,0.5,0.5,0.375,0.684895833,0,0,1,0.460558242,next-voice-onset,BeethovenPiano_Sonatas_3-1,RH,BeethovenPiano_Sonatas_3-1:RH:65:323.000000:1,medium,0,reference-score,labeled,external,P1,1,390.75,0.25,0,0,,,,,,
65,71,1,323.5,0.875,0.25,0.684895833,0.434895833,0.375,0.25,0.0,0.434895833,0,0,0,0.848351717,key-release-grid,BeethovenPiano_Sonatas_3-1,RH,BeethovenPiano_Sonatas_3-1:RH:65:323.500000:1,medium,,,ambiguous-candidate,external,P1,1,391.25,0.25,0,0,,,,,,
65,71,1,323.5,0.875,0.25,0.684895833,0.434895833,0.375,0.333333333,0.083333333,0.3515625,0,0,0,0.756491211,key-release-grid,BeethovenPiano_Sonatas_3-1,RH,BeethovenPiano_Sonatas_3-1:RH:65:323.500000:1,medium,,,ambiguous-candidate,external,P1,1,391.25,0.25,0,0,,,,,,
65,71,1,323.5,0.875,0.25,0.684895833,0.434895833,0.375,0.375,0.125,0.309895833,0,0,1,0.737520653,next-voice-onset,BeethovenPiano_Sonatas_3-1,RH,BeethovenPiano_Sonatas_3-1:RH:65:323.500000:1,medium,,,ambiguous-candidate,external,P1,1,391.25,0.25,0,0,,,,,,
62,68,2,323.625,0.90625,0.125,0.559895833,0.434895833,0.708333333,0.125,0.0,0.434895833,0,0,0,0.848351717,key-release-grid,BeethovenPiano_Sonatas_3-1,RH,BeethovenPiano_Sonatas_3-1:RH:62:323.625000:2,medium,,,ambiguous-candidate,external,P1,1,391.5,0.25,0,0,,,,,,
62,68,2,323.625,0.90625,0.125,0.559895833,0.434895833,0.708333333,0.375,0.25,0.184895833,0,1,0,0.664825333,barline,BeethovenPiano_Sonatas_3-1,RH,BeethovenPiano_Sonatas_3-1:RH:62:323.625000:2,medium,,,ambiguous-candidate,external,P1,1,391.5,0.25,0,0,,,,,,
62,68,2,323.625,0.90625,0.125,0.559895833,0.434895833,0.708333333,0.5,0.375,0.059895833,1,0,0,0.530513283,pedal-acoustic-grid,BeethovenPiano_Sonatas_3-1,RH,BeethovenPiano_Sonatas_3-1:RH:62:323.625000:2,medium,,,ambiguous-candidate,external,P1,1,391.5,0.25,0,0,,,,,,
62,68,2,323.625,0.90625,0.125,0.559895833,0.434895833,0.708333333,0.666666667,0.541666667,0.106770834,1,0,0,0.430256097,pedal-acoustic-grid,BeethovenPiano_Sonatas_3-1,RH,BeethovenPiano_Sonatas_3-1:RH:62:323.625000:2,medium,,,ambiguous-candidate,external,P1,1,391.5,0.25,0,0,,,,,,
62,68,2,323.625,0.90625,0.125,0.559895833,0.434895833,0.708333333,0.708333333,0.583333333,0.1484375,1,0,1,0.421149292,next-voice-onset,BeethovenPiano_Sonatas_3-1,RH,BeethovenPiano_Sonatas_3-1:RH:62:323.625000:2,medium,,,ambiguous-candidate,external,P1,1,391.5,0.25,0,0,,,,,,
68,64,1,323.875,0.96875,0.125,0.309895833,0.184895833,1.375,0.125,0.0,0.184895833,0,1,0,0.940253871,barline+key-release-grid,BeethovenPiano_Sonatas_3-1,RH,BeethovenPiano_Sonatas_3-1:RH:68:323.875000:1,normal,,,ambiguous-candidate,external,P1,1,391.75,0.25,0,0,,,,,,
68,64,1,323.875,0.96875,0.125,0.309895833,0.184895833,1.375,0.25,0.125,0.059895833,1,0,0,0.732525506,pedal-acoustic-grid,BeethovenPiano_Sonatas_3-1,RH,BeethovenPiano_Sonatas_3-1:RH:68:323.875000:1,normal,,,ambiguous-candidate,external,P1,1,391.75,0.25,0,0,,,,,,
68,64,1,323.875,0.96875,0.125,0.309895833,0.184895833,1.375,0.333333333,0.208333333,0.0234375,1,0,0,0.663506215,pedal-acoustic-grid,BeethovenPiano_Sonatas_3-1,RH,BeethovenPiano_Sonatas_3-1:RH:68:323.875000:1,normal,,,ambiguous-candidate,external,P1,1,391.75,0.25,0,0,,,,,,
68,64,1,323.875,0.96875,0.125,0.309895833,0.184895833,1.375,1.375,1.25,1.065104167,1,0,1,0.138532881,next-voice-onset,BeethovenPiano_Sonatas_3-1,RH,BeethovenPiano_Sonatas_3-1:RH:68:323.875000:1,normal,,,ambiguous-candidate,external,P1,1,391.75,0.25,0,0,,,,,,
62,66,2,324.333333333,0.083333333,0.25,0.661458333,0.411458333,0.333333333,0.25,0.0,0.411458333,0,0,0,0.852583337,key-release-grid,BeethovenPiano_Sonatas_3-1,RH,BeethovenPiano_Sonatas_3-1:RH:62:324.333333:2,medium,,,ambiguous-candidate,external,P1,1,392.25,0.25,0,0,,,,,,
62,66,2,324.333333333,0.083333333,0.25,0.661458333,0.411458333,0.333333333,0.333333333,0.083333333,0.328125,0,0,1,0.781167874,key-release-grid+next-voice-onset,BeethovenPiano_Sonatas_3-1,RH,BeethovenPiano_Sonatas_3-1:RH:62:324.333333:2,medium,,,ambiguous-candidate,external,P1,1,392.25,0.25,0,0,,,,,,
65,67,2,324.666666667,0.166666667,0.125,0.328125,0.203125,0.458333333,0.125,0.0,0.203125,0,0,0,0.895920883,key-release-grid,BeethovenPiano_Sonatas_3-1,RH,BeethovenPiano_Sonatas_3-1:RH:65:324.666667:2,normal,,,ambiguous-candidate,external,P1,1,392.75,0.25,0,0,,,,,,
65,67,2,324.666666667,0.166666667,0.125,0.328125,0.203125,0.458333333,0.25,0.125,0.078125,0,0,0,0.772788138,pedal-acoustic-grid,BeethovenPiano_Sonatas_3-1,RH,BeethovenPiano_Sonatas_3-1:RH:65:324.666667:2,normal,,,ambiguous-candidate,external,P1,1,392.75,0.25,0,0,,,,,,
65,67,2,324.666666667,0.166666667,0.125,0.328125,0.203125,0.458333333,0.333333333,0.208333333,0.005208333,0,0,0,0.709910814,pedal-acoustic-grid,BeethovenPiano_Sonatas_3-1,RH,BeethovenPiano_Sonatas_3-1:RH:65:324.666667:2,normal,,,ambiguous-candidate,external,P1,1,392.75,0.25,0,0,,,,,,
65,67,2,324.666666667,0.166666667,0.125,0.328125,0.203125,0.458333333,0.375,0.25,0.046875,0,0,0,0.660897157,pedal-acoustic-grid,BeethovenPiano_Sonatas_3-1,RH,BeethovenPiano_Sonatas_3-1:RH:65:324.666667:2,normal,,,ambiguous-candidate,external,P1,1,392.75,0.25,0,0,,,,,,
65,67,2,324.666666667,0.166666667,0.125,0.328125,0.203125,0.458333333,0.458333333,0.333333333,0.130208333,0,0,1,0.593228315,next-voice-onset,BeethovenPiano_Sonatas_3-1,RH,BeethovenPiano_Sonatas_3-1:RH:65:324.666667:2,normal,,,ambiguous-candidate,external,P1,1,392.75,0.25,0,0,,,,,,
65,70,2,325.125,0.28125,0.25,0.526041667,0.276041667,0.25,0.25,0.0,0.276041667,0,0,1,0.89950641,key-release-grid+next-voice-onset,BeethovenPiano_Sonatas_3-1,RH,BeethovenPiano_Sonatas_3-1:RH:65:325.125000:2,medium,1,reference-score,labeled,external,P1,1,393.25,0.25,0,0,,,,,,
62,71,1,325.25,0.3125,0.125,0.401041667,0.276041667,0.375,0.125,0.0,0.276041667,0,0,0,0.87950641,key-release-grid,BeethovenPiano_Sonatas_3-1,RH,BeethovenPiano_Sonatas_3-1:RH:62:325.250000:1,medium,,,ambiguous-candidate,external,P1,1,393.5,0.25,0,0,,,,,,
62,71,1,325.25,0.3125,0.125,0.401041667,0.276041667,0.375,0.333333333,0.208333333,0.067708334,0,0,0,0.691959234,pedal-acoustic-grid,BeethovenPiano_Sonatas_3-1,RH,BeethovenPiano_Sonatas_3-1:RH:62:325.250000:1,medium,,,ambiguous-candidate,external,P1,1,393.5,0.25,0,0,,,,,,
62,71,1,325.25,0.3125,0.125,0.401041667,0.276041667,0.375,0.375,0.25,0.026041667,0,0,1,0.68687977,next-voice-onset+pedal-acoustic-grid,BeethovenPiano_Sonatas_3-1,RH,BeethovenPiano_Sonatas_3-1:RH:62:325.250000:1,medium,,,ambiguous-candidate,external,P1,1,393.5,0.25,0,0,,,,,,
68,69,2,325.375,0.34375,0.125,0.276041667,0.151041667,0.5,0.125,0.0,0.151041667,0,0,0,0.908556694,key-release-grid,BeethovenPiano_Sonatas_3-1,RH,BeethovenPiano_Sonatas_3-1:RH:68:325.375000:2,normal,,,ambiguous-candidate,external,P1,1,393.75,0.25,0,0,,,,,,
68,69,2,325.375,0.34375,0.125,0.276041667,0.151041667,0.5,0.25,0.125,0.026041667,0,0,0,0.787468857,pedal-acoustic-grid,BeethovenPiano_Sonatas_3-1,RH,BeethovenPiano_Sonatas_3-1:RH:68:325.375000:2,normal,,,ambiguous-candidate,external,P1,1,393.75,0.25,0,0,,,,,,
68,69,2,325.375,0.34375,0.125,0.276041667,0.151041667,0.5,0.333333333,0.208333333,0.057291666,0,0,0,0.694858452,pedal-acoustic-grid,BeethovenPiano_Sonatas_3-1,RH,BeethovenPiano_Sonatas_3-1:RH:68:325.375000:2,normal,,,ambiguous-candidate,external,P1,1,393.75,0.25,0,0,,,,,,
68,69,2,325.375,0.34375,0.125,0.276041667,0.151041667,0.5,0.5,0.375,0.223958333,0,0,1,0.541740166,next-voice-onset,BeethovenPiano_Sonatas_3-1,RH,BeethovenPiano_Sonatas_3-1:RH:68:325.375000:2,normal,,,ambiguous-candidate,external,P1,1,393.75,0.25,0,0,,,,,,
62,90,1,325.625,0.40625,0.333333333,0.854166667,0.520833333,0.375,0.333333333,0.0,0.520833334,0,0,0,0.833815357,key-release-grid,BeethovenPiano_Sonatas_3-1,RH,BeethovenPiano_Sonatas_3-1:RH:62:325.625000:1,medium,,,ambiguous-candidate,external,P1,1,394.0,0.25,0,0,,,,,,
62,90,1,325.625,0.40625,0.333333333,0.854166667,0.520833333,0.375,0.375,0.041666667,0.479166667,0,0,1,0.804707307,key-release-grid+next-voice-onset,BeethovenPiano_Sonatas_3-1,RH,BeethovenPiano_Sonatas_3-1:RH:62:325.625000:1,medium,,,ambiguous-candidate,external,P1,1,394.0,0.25,0,0,,,,,,
62,90,1,325.625,0.40625,0.333333333,0.854166667,0.520833333,0.375,0.25,0.083333333,0.604166667,0,0,0,0.71361835,key-release-grid,BeethovenPiano_Sonatas_3-1,RH,BeethovenPiano_Sonatas_3-1:RH:62:325.625000:1,medium,,,ambiguous-candidate,external,P1,1,394.0,0.25,0,0,,,,,,
68,75,2,325.875,0.46875,0.25,0.604166667,0.354166667,0.375,0.25,0.0,0.354166667,0,0,0,0.863442446,key-release-grid,BeethovenPiano_Sonatas_3-1,RH,BeethovenPiano_Sonatas_3-1:RH:68:325.875000:2,medium,,,ambiguous-candidate,external,P1,1,394.25,0.25,0,0,,,,,,
68,75,2,325.875,0.46875,0.25,0.604166667,0.354166667,0.375,0.333333333,0.083333333,0.270833334,0,0,0,0.773169046,key-release-grid,BeethovenPiano_Sonatas_3-1,RH,BeethovenPiano_Sonatas_3-1:RH:68:325.875000:2,medium,,,ambiguous-candidate,external,P1,1,394.25,0.25,0,0,,,,,,
68,75,2,325.875,0.46875,0.25,0.604166667,0.354166667,0.375,0.375,0.125,0.229166667,0,0,1,0.755053579,next-voice-onset,BeethovenPiano_Sonatas_3-1,RH,BeethovenPiano_Sonatas_3-1:RH:68:325.875000:2,medium,,,ambiguous-candidate,external,P1,1,394.25,0.25,0,0,,,,,,
65,77,1,326.0,0.5,0.125,0.479166667,0.354166667,0.375,0.125,0.0,0.354166667,0,0,0,0.863442446,key-release-grid,BeethovenPiano_Sonatas_3-1,RH,BeethovenPiano_Sonatas_3-1:RH:65:326.000000:1,medium,,,ambiguous-candidate,external,P1,1,394.5,0.25,0,0,,,,,,
65,77,1,326.0,0.5,0.125,0.479166667,0.354166667,0.375,0.333333333,0.208333333,0.145833334,0,0,0,0.671332696,pedal-acoustic-grid,BeethovenPiano_Sonatas_3-1,RH,BeethovenPiano_Sonatas_3-1:RH:65:326.000000:1,medium,,,ambiguous-candidate,external,P1,1,394.5,0.25,0,0,,,,,,
65,77,1,326.0,0.5,0.125,0.479166667,0.354166667,0.375,0.375,0.25,0.104166667,0,0,1,0.665195687,next-voice-onset,BeethovenPiano_Sonatas_3-1,RH,BeethovenPiano_Sonatas_3-1:RH:65:326.000000:1,medium,,,ambiguous-candidate,external,P1,1,394.5,0.25,0,0,,,,,,
74,73,2,326.25,0.5625,0.125,0.229166667,0.104166667,0.375,0.125,0.0,0.104166667,0,0,0,0.920624226,key-release-grid,BeethovenPiano_Sonatas_3-1,RH,BeethovenPiano_Sonatas_3-1:RH:74:326.250000:2,normal,,,ambiguous-candidate,external,P1,1,394.75,0.25,0,0,,,,,,
74,73,2,326.25,0.5625,0.125,0.229166667,0.104166667,0.375,0.25,0.125,0.020833333,0,0,0,0.788988026,pedal-acoustic-grid,BeethovenPiano_Sonatas_3-1,RH,BeethovenPiano_Sonatas_3-1:RH:74:326.250000:2,normal,,,ambiguous-candidate,external,P1,1,394.75,0.25,0,0,,,,,,
74,73,2,326.25,0.5625,0.125,0.229166667,0.104166667,0.375,0.333333333,0.208333333,0.104166666,0,0,0,0.682092667,pedal-acoustic-grid,BeethovenPiano_Sonatas_3-1,RH,BeethovenPiano_Sonatas_3-1:RH:74:326.250000:2,normal,,,ambiguous-candidate,external,P1,1,394.75,0.25,0,0,,,,,,
74,73,2,326.25,0.5625,0.125,0.229166667,0.104166667,0.375,0.375,0.25,0.145833333,0,0,1,0.654435717,next-voice-onset,BeethovenPiano_Sonatas_3-1,RH,BeethovenPiano_Sonatas_3-1:RH:74:326.250000:2,normal,,,ambiguous-candidate,external,P1,1,394.75,0.25,0,0,,,,,,
65,95,1,326.375,0.59375,0.375,0.841145833,0.466145833,0.375,0.375,0.0,0.466145833,0,0,1,0.862891545,key-release-grid+next-voice-onset,BeethovenPiano_Sonatas_3-1,RH,BeethovenPiano_Sonatas_3-1:RH:65:326.375000:1,medium,,,ambiguous-candidate,external,P1,1,395.0,0.25,0,0,,,,,,
65,95,1,326.375,0.59375,0.375,0.841145833,0.466145833,0.375,0.333333333,0.041666667,0.5078125,0,0,0,0.779953732,key-release-grid,BeethovenPiano_Sonatas_3-1,RH,BeethovenPiano_Sonatas_3-1:RH:65:326.375000:1,medium,,,ambiguous-candidate,external,P1,1,395.0,0.25,0,0,,,,,,
74,76,2,326.625,0.65625,0.125,0.591145833,0.466145833,0.375,0.125,0.0,0.466145833,0,0,0,0.842891545,key-release-grid,BeethovenPiano_Sonatas_3-1,RH,BeethovenPiano_Sonatas_3-1:RH:74:326.625000:2,medium,,,ambiguous-candidate,external,P1,1,395.25,0.25,0,0,,,,,,
74,76,2,326.625,0.65625,0.125,0.591145833,0.466145833,0.375,0.375,0.25,0.216145833,0,0,1,0.637454873,next-voice-onset,BeethovenPiano_Sonatas_3-1,RH,BeethovenPiano_Sonatas_3-1:RH:74:326.625000:2,medium,,,ambiguous-candidate,external,P1,1,395.25,0.25,0,0,,,,,,
68,79,1,326.75,0.6875,0.125,0.466145833,0.341145833,0.375,0.125,0.0,0.341145833,0,0,0,0.86601629,key-release-grid,BeethovenPiano_Sonatas_3-1,RH,BeethovenPiano_Sonatas_3-1:RH:68:326.750000:1,medium,,,ambiguous-candidate,external,P1,1,395.5,0.25,0,0,,,,,,
68,79,1,326.75,0.6875,0.125,0.466145833,0.341145833,0.375,0.333333333,0.208333333,0.1328125,0,0,0,0.674637578,pedal-acoustic-grid,BeethovenPiano_Sonatas_3-1,RH,BeethovenPiano_Sonatas_3-1:RH:68:326.750000:1,medium,,,ambiguous-candidate,external,P1,1,395.5,0.25,0,0,,,,,,
68,79,1,326.75,0.6875,0.125,0.466145833,0.341145833,0.375,0.375,0.25,0.091145833,0,0,1,0.668670014,next-voice-onset,BeethovenPiano_Sonatas_3-1,RH,BeethovenPiano_Sonatas_3-1:RH:68:326.750000:1,medium,,,ambiguous-candidate,external,P1,1,395.5,0.25,0,0,,,,,,
77,68,2,327.0,0.75,0.125,0.216145833,0.091145833,0.375,0.125,0.0,0.091145833,0,0,0,0.924098552,key-release-grid,BeethovenPiano_Sonatas_3-1,RH,BeethovenPiano_Sonatas_3-1:RH:77:327.000000:2,normal,,,ambiguous-candidate,external,P1,1,395.75,0.25,0,0,,,,,,
77,68,2,327.0,0.75,0.125,0.216145833,0.091145833,0.375,0.25,0.125,0.033854167,0,0,0,0.785207831,pedal-acoustic-grid,BeethovenPiano_Sonatas_3-1,RH,BeethovenPiano_Sonatas_3-1:RH:77:327.000000:2,normal,,,ambiguous-candidate,external,P1,1,395.75,0.25,0,0,,,,,,
77,68,2,327.0,0.75,0.125,0.216145833,0.091145833,0.375,0.333333333,0.208333333,0.1171875,0,0,0,0.678672206,pedal-acoustic-grid,BeethovenPiano_Sonatas_3-1,RH,BeethovenPiano_Sonatas_3-1:RH:77:327.000000:2,normal,,,ambiguous-candidate,external,P1,1,395.75,0.25,0,0,,,,,,
77,68,2,327.0,0.75,0.125,0.216145833,0.091145833,0.375,0.375,0.25,0.158854167,0,0,1,0.651182073,next-voice-onset,BeethovenPiano_Sonatas_3-1,RH,BeethovenPiano_Sonatas_3-1:RH:77:327.000000:2,normal,,,ambiguous-candidate,external,P1,1,395.75,0.25,0,0,,,,,,
68,101,1,327.125,0.78125,0.375,3.216145833,2.841145833,1.0,0.375,0.0,2.841145833,0,0,0,0.708265464,key-release-grid,BeethovenPiano_Sonatas_3-1,RH,BeethovenPiano_Sonatas_3-1:RH:68:327.125000:1,medium,,,ambiguous-candidate,external,P1,1,396.0,0.25,0,0,,,,,,
68,101,1,327.125,0.78125,0.375,3.216145833,2.841145833,1.0,0.333333333,0.041666667,2.8828125,0,0,0,0.651893443,key-release-grid,BeethovenPiano_Sonatas_3-1,RH,BeethovenPiano_Sonatas_3-1:RH:68:327.125000:1,medium,,,ambiguous-candidate,external,P1,1,396.0,0.25,0,0,,,,,,
68,101,1,327.125,0.78125,0.375,3.216145833,2.841145833,1.0,0.5,0.125,2.716145833,0,0,0,0.554763648,key-release-grid,BeethovenPiano_Sonatas_3-1,RH,BeethovenPiano_Sonatas_3-1:RH:68:327.125000:1,medium,,,ambiguous-candidate,external,P1,1,396.0,0.25,0,0,,,,,,
68,101,1,327.125,0.78125,0.375,3.216145833,2.841145833,1.0,0.875,0.5,2.341145833,0,1,0,0.312576267,barline,BeethovenPiano_Sonatas_3-1,RH,BeethovenPiano_Sonatas_3-1:RH:68:327.125000:1,medium,,,ambiguous-candidate,external,P1,1,396.0,0.25,0,0,,,,,,
68,101,1,327.125,0.78125,0.375,3.216145833,2.841145833,1.0,1.0,0.625,2.216145833,1,0,1,0.224188315,next-voice-onset,BeethovenPiano_Sonatas_3-1,RH,BeethovenPiano_Sonatas_3-1:RH:68:327.125000:1,medium,,,ambiguous-candidate,external,P1,1,396.0,0.25,0,0,,,,,,
77,77,2,327.375,0.84375,0.125,2.966145833,2.841145833,0.125,0.125,0.0,2.841145833,0,0,1,0.728265464,key-release-grid+next-voice-onset,BeethovenPiano_Sonatas_3-1,RH,BeethovenPiano_Sonatas_3-1:RH:77:327.375000:2,medium,1,reference-score,labeled,external,P1,1,396.25,0.25,0,0,,,,,,
74,71,2,327.5,0.875,0.125,2.841145833,2.716145833,0.25,0.125,0.0,2.716145833,0,0,0,0.7096031,key-release-grid,BeethovenPiano_Sonatas_3-1,RH,BeethovenPiano_Sonatas_3-1:RH:74:327.500000:2,medium,,,ambiguous-candidate,external,P1,1,396.5,0.25,0,0,,,,,,
74,71,2,327.5,0.875,0.125,2.841145833,2.716145833,0.25,0.25,0.125,2.591145833,0,0,1,0.576317758,next-voice-onset,BeethovenPiano_Sonatas_3-1,RH,BeethovenPiano_Sonatas_3-1:RH:74:327.500000:2,medium,,,ambiguous-candidate,external,P1,1,396.5,0.25,0,0,,,,,,
80,77,2,327.75,0.9375,0.125,2.591145833,2.466145833,0.125,0.125,0.0,2.466145833,0,0,1,0.732962829,key-release-grid+next-voice-onset,BeethovenPiano_Sonatas_3-1,RH,BeethovenPiano_Sonatas_3-1:RH:80:327.750000:2,medium,1,reference-score,labeled,external,P1,1,396.75,0.25,0,0,,,,,,
74,96,2,327.875,0.96875,0.333333333,2.466145833,2.1328125,0.458333333,0.333333333,0.0,2.1328125,1,0,0,0.677447268,key-release-grid,BeethovenPiano_Sonatas_3-1,RH,BeethovenPiano_Sonatas_3-1:RH:74:327.875000:2,medium,,,ambiguous-candidate,external,P1,1,397.0,0.25,0,0,,,,,,
74,96,2,327.875,0.96875,0.333333333,2.466145833,2.1328125,0.458333333,0.375,0.041666667,2.091145833,1,0,0,0.625671488,key-release-grid,BeethovenPiano_Sonatas_3-1,RH,BeethovenPiano_Sonatas_3-1:RH:74:327.875000:2,medium,,,ambiguous-candidate,external,P1,1,397.0,0.25,0,0,,,,,,
74,96,2,327.875,0.96875,0.333333333,2.466145833,2.1328125,0.458333333,0.25,0.083333333,2.216145833,1,0,0,0.574509512,key-release-grid,BeethovenPiano_Sonatas_3-1,RH,BeethovenPiano_Sonatas_3-1:RH:74:327.875000:2,medium,,,ambiguous-candidate,external,P1,1,397.0,0.25,0,0,,,,,,
74,96,2,327.875,0.96875,0.333333333,2.466145833,2.1328125,0.458333333,0.458333333,0.125,2.0078125,1,0,1,0.553407595,next-voice-onset,BeethovenPiano_Sonatas_3-1,RH,BeethovenPiano_Sonatas_3-1:RH:74:327.875000:2,medium,,,ambiguous-candidate,external,P1,1,397.0,0.25,0,0,,,,,,
74,96,2,327.875,0.96875,0.333333333,2.466145833,2.1328125,0.458333333,0.125,0.208333333,2.341145833,0,1,0,0.5165291,barline,BeethovenPiano_Sonatas_3-1,RH,BeethovenPiano_Sonatas_3-1:RH:74:327.875000:2,medium,,,ambiguous-candidate,external,P1,1,397.0,0.25,0,0,,,,,,
80,79,1,328.125,0.03125,0.25,2.216145833,1.966145833,0.375,0.25,0.0,1.966145833,0,0,0,0.723619814,key-release-grid,BeethovenPiano_Sonatas_3-1,RH,BeethovenPiano_Sonatas_3-1:RH:80:328.125000:1,medium,,,ambiguous-candidate,external,P1,1,397.25,0.25,0,0,,,,,,
80,79,1,328.125,0.03125,0.25,2.216145833,1.966145833,0.375,0.333333333,0.083333333,1.8828125,0,0,0,0.618641139,key-release-grid,BeethovenPiano_Sonatas_3-1,RH,BeethovenPiano_Sonatas_3-1:RH:80:328.125000:1,medium,,,ambiguous-candidate,external,P1,1,397.25,0.25,0,0,,,,,,
80,79,1,328.125,0.03125,0.25,2.216145833,1.966145833,0.375,0.375,0.125,1.841145833,0,0,1,0.592602856,next-voice-onset,BeethovenPiano_Sonatas_3-1,RH,BeethovenPiano_Sonatas_3-1:RH:80:328.125000:1,medium,,,ambiguous-candidate,external,P1,1,397.25,0.25,0,0,,,,,,
77,82,2,328.333333333,0.083333333,0.125,2.0078125,1.8828125,0.333333333,0.125,0.0,1.8828125,0,0,0,0.726103931,key-release-grid,BeethovenPiano_Sonatas_3-1,RH,BeethovenPiano_Sonatas_3-1:RH:77:328.333333:2,medium,,,ambiguous-candidate,external,P1,1,397.5,0.25,0,0,,,,,,
77,82,2,328.333333333,0.083333333,0.125,2.0078125,1.8828125,0.333333333,0.333333333,0.208333333,1.674479167,0,0,1,0.514986552,next-voice-onset,BeethovenPiano_Sonatas_3-1,RH,BeethovenPiano_Sonatas_3-1:RH:77:328.333333:2,medium,,,ambiguous-candidate,external,P1,1,397.5,0.25,0,0,,,,,,
86,70,1,328.5,0.125,0.125,1.841145833,1.716145833,0.375,0.125,0.0,1.716145833,0,0,0,0.731883413,key-release-grid,BeethovenPiano_Sonatas_3-1,RH,BeethovenPiano_Sonatas_3-1:RH:86:328.500000:1,medium,,,ambiguous-candidate,external,P1,1,397.75,0.25,0,0,,,,,,
86,70,1,328.5,0.125,0.125,1.841145833,1.716145833,0.375,0.375,0.25,1.466145833,0,0,1,0.487609568,next-voice-onset,BeethovenPiano_Sonatas_3-1,RH,BeethovenPiano_Sonatas_3-1:RH:86:328.500000:1,medium,,,ambiguous-candidate,external,P1,1,397.75,0.25,0,0,,,,,,
77,99,2,328.666666667,0.166666667,0.375,1.674479167,1.299479167,0.708333333,0.375,0.0,1.299479167,0,0,0,0.752566862,key-release-grid,BeethovenPiano_Sonatas_3-1,RH,BeethovenPiano_Sonatas_3-1:RH:77:328.666667:2,medium,,,ambiguous-candidate,external,P1,1,398.0,0.25,0,0,,,,,,
77,99,2,328.666666667,0.166666667,0.375,1.674479167,1.299479167,0.708333333,0.333333333,0.041666667,1.341145834,0,0,0,0.694034235,key-release-grid,BeethovenPiano_Sonatas_3-1,RH,BeethovenPiano_Sonatas_3-1:RH:77:328.666667:2,medium,,,ambiguous-candidate,external,P1,1,398.0,0.25,0,0,,,,,,
77,99,2,328.666666667,0.166666667,0.375,1.674479167,1.299479167,0.708333333,0.5,0.125,1.174479167,0,0,0,0.606234528,key-release-grid,BeethovenPiano_Sonatas_3-1,RH,BeethovenPiano_Sonatas_3-1:RH:77:328.666667:2,medium,,,ambiguous-candidate,external,P1,1,398.0,0.25,0,0,,,,,,
77,99,2,328.666666667,0.166666667,0.375,1.674479167,1.299479167,0.708333333,0.708333333,0.333333333,0.966145834,0,0,1,0.457812526,next-voice-onset,BeethovenPiano_Sonatas_3-1,RH,BeethovenPiano_Sonatas_3-1:RH:77:328.666667:2,medium,,,ambiguous-candidate,external,P1,1,398.0,0.25,0,0,,,,,,
86,83,1,328.875,0.21875,0.125,1.466145833,1.341145833,0.125,0.125,0.0,1.341145833,0,0,1,0.770003146,key-release-grid+next-voice-onset,BeethovenPiano_Sonatas_3-1,RH,BeethovenPiano_Sonatas_3-1:RH:86:328.875000:1,medium,1,reference-score,labeled,external,P1,1,398.25,0.25,0,0,,,,,,
80,80,1,329.0,0.25,0.125,1.341145833,1.216145833,0.25,0.125,0.0,1.216145833,0,0,0,0.758095367,key-release-grid,BeethovenPiano_Sonatas_3-1,RH,BeethovenPiano_Sonatas_3-1:RH:80:329.000000:1,medium,,,ambiguous-candidate,external,P1,1,398.5,0.25,0,0,,,,,,
80,80,1,329.0,0.25,0.125,1.341145833,1.216145833,0.25,0.25,0.125,1.091145833,0,0,1,0.632657735,next-voice-onset,BeethovenPiano_Sonatas_3-1,RH,BeethovenPiano_Sonatas_3-1:RH:80:329.000000:1,medium,,,ambiguous-candidate,external,P1,1,398.5,0.25,0,0,,,,,,
89,79,1,329.25,0.3125,0.125,1.091145833,0.966145833,0.375,0.125,0.0,0.966145833,0,0,0,0.778420543,key-release-grid,BeethovenPiano_Sonatas_3-1,RH,BeethovenPiano_Sonatas_3-1:RH:89:329.250000:1,medium,,,ambiguous-candidate,external,P1,1,398.75,0.25,0,0,,,,,,
89,79,1,329.25,0.3125,0.125,1.091145833,0.966145833,0.375,0.375,0.25,0.716145833,0,0,1,0.550428122,next-voice-onset,BeethovenPiano_Sonatas_3-1,RH,BeethovenPiano_Sonatas_3-1:RH:89:329.250000:1,medium,,,ambiguous-candidate,external,P1,1,398.75,0.25,0,0,,,,,,
74,96,2,329.375,0.34375,0.375,0.966145833,0.591145833,0.375,0.375,0.0,0.591145833,0,0,1,0.842987893,key-release-grid+next-voice-onset,BeethovenPiano_Sonatas_3-1,RH,BeethovenPiano_Sonatas_3-1:RH:74:329.375000:2,medium,,,ambiguous-candidate,external,P1,1,399.0,0.25,0,0,,,,,,
74,96,2,329.375,0.34375,0.375,0.966145833,0.591145833,0.375,0.333333333,0.041666667,0.6328125,0,0,0,0.761020792,key-release-grid,BeethovenPiano_Sonatas_3-1,RH,BeethovenPiano_Sonatas_3-1:RH:74:329.375000:2,medium,,,ambiguous-candidate,external,P1,1,399.0,0.25,0,0,,,,,,
80,74,1,329.625,0.40625,0.25,0.716145833,0.466145833,0.375,0.25,0.0,0.466145833,0,0,0,0.842891545,key-release-grid,BeethovenPiano_Sonatas_3-1,RH,BeethovenPiano_Sonatas_3-1:RH:80:329.625000:1,medium,,,ambiguous-candidate,external,P1,1,399.25,0.25,0,0,,,,,,
80,74,1,329.625,0.40625,0.25,0.716145833,0.466145833,0.375,0.333333333,0.083333333,0.3828125,0,0,0,0.750456788,key-release-grid,BeethovenPiano_Sonatas_3-1,RH,BeethovenPiano_Sonatas_3-1:RH:80:329.625000:1,medium,,,ambiguous-candidate,external,P1,1,399.25,0.25,0,0,,,,,,
80,74,1,329.625,0.40625,0.25,0.716145833,0.466145833,0.375,0.375,0.125,0.341145833,0,0,1,0.731176839,next-voice-onset,BeethovenPiano_Sonatas_3-1,RH,BeethovenPiano_Sonatas_3-1:RH:80:329.625000:1,medium,,,ambiguous-candidate,external,P1,1,399.25,0.25,0,0,,,,,,
77,81,2,329.75,0.4375,0.25,0.591145833,0.341145833,0.375,0.25,0.0,0.341145833,0,0,0,0.86601629,key-release-grid,BeethovenPiano_Sonatas_3-1,RH,BeethovenPiano_Sonatas_3-1:RH:77:329.750000:2,medium,,,ambiguous-candidate,external,P1,1,399.5,0.25,0,0,,,,,,
77,81,2,329.75,0.4375,0.25,0.591145833,0.341145833,0.375,0.333333333,0.083333333,0.2578125,0,0,0,0.776013584,key-release-grid,BeethovenPiano_Sonatas_3-1,RH,BeethovenPiano_Sonatas_3-1:RH:77:329.750000:2,medium,,,ambiguous-candidate,external,P1,1,399.5,0.25,0,0,,,,,,
77,81,2,329.75,0.4375,0.25,0.591145833,0.341145833,0.375,0.375,0.125,0.216145833,0,0,1,0.758043959,next-voice-onset,BeethovenPiano_Sonatas_3-1,RH,BeethovenPiano_Sonatas_3-1:RH:77:329.750000:2,medium,,,ambiguous-candidate,external,P1,1,399.5,0.25,0,0,,,,,,
86,82,1,330.0,0.5,0.125,0.341145833,0.216145833,0.375,0.125,0.0,0.216145833,0,0,0,0.892883411,key-release-grid,BeethovenPiano_Sonatas_3-1,RH,BeethovenPiano_Sonatas_3-1:RH:86:330.000000:1,normal,,,ambiguous-candidate,external,P1,1,399.75,0.25,0,0,,,,,,
86,82,1,330.0,0.5,0.125,0.341145833,0.216145833,0.375,0.25,0.125,0.091145833,0,0,0,0.7692591,pedal-acoustic-grid,BeethovenPiano_Sonatas_3-1,RH,BeethovenPiano_Sonatas_3-1:RH:86:330.000000:1,normal,,,ambiguous-candidate,external,P1,1,399.75,0.25,0,0,,,,,,
86,82,1,330.0,0.5,0.125,0.341145833,0.216145833,0.375,0.333333333,0.208333333,0.0078125,0,0,0,0.709135644,pedal-acoustic-grid,BeethovenPiano_Sonatas_3-1,RH,BeethovenPiano_Sonatas_3-1:RH:86:330.000000:1,normal,,,ambiguous-candidate,external,P1,1,399.75,0.25,0,0,,,,,,
86,82,1,330.0,0.5,0.125,0.341145833,0.216145833,0.375,0.375,0.25,0.033854167,0,0,1,0.684618745,next-voice-onset+pedal-acoustic-grid,BeethovenPiano_Sonatas_3-1,RH,BeethovenPiano_Sonatas_3-1:RH:86:330.000000:1,normal,,,ambiguous-candidate,external,P1,1,399.75,0.25,0,0,,,,,,
77,97,2,330.125,0.53125,0.375,0.375,0.0,0.5,0.375,0.0,0.0,0,0,0,0.95,key-release-grid+pedal-acoustic-grid,BeethovenPiano_Sonatas_3-1,RH,BeethovenPiano_Sonatas_3-1:RH:77:330.125000:2,normal,,,ambiguous-candidate,external,P1,1,400.0,0.25,0,0,,,,,,
77,97,2,330.125,0.53125,0.375,0.375,0.0,0.5,0.333333333,0.041666667,0.041666667,0,0,0,0.881838446,key-release-grid+pedal-acoustic-grid,BeethovenPiano_Sonatas_3-1,RH,BeethovenPiano_Sonatas_3-1:RH:77:330.125000:2,normal,,,ambiguous-candidate,external,P1,1,400.0,0.25,0,0,,,,,,
77,97,2,330.125,0.53125,0.375,0.375,0.0,0.5,0.5,0.125,0.125,0,0,1,0.780337542,key-release-grid+next-voice-onset+pedal-acoustic-grid,BeethovenPiano_Sonatas_3-1,RH,BeethovenPiano_Sonatas_3-1:RH:77:330.125000:2,normal,,,ambiguous-candidate,external,P1,1,400.0,0.25,0,0,,,,,,
84,78,1,330.375,0.59375,0.25,0.7421875,0.4921875,0.375,0.25,0.0,0.4921875,0,0,0,0.838495235,key-release-grid,BeethovenPiano_Sonatas_3-1,RH,BeethovenPiano_Sonatas_3-1:RH:84:330.375000:1,medium,,,ambiguous-candidate,external,P1,1,400.25,0.25,0,0,,,,,,
84,78,1,330.375,0.59375,0.25,0.7421875,0.4921875,0.375,0.333333333,0.083333333,0.408854167,0,0,0,0.745598113,key-release-grid,BeethovenPiano_Sonatas_3-1,RH,BeethovenPiano_Sonatas_3-1:RH:84:330.375000:1,medium,,,ambiguous-candidate,external,P1,1,400.25,0.25,0,0,,,,,,
84,78,1,330.375,0.59375,0.25,0.7421875,0.4921875,0.375,0.375,0.125,0.3671875,0,0,1,0.726069054,next-voice-onset,BeethovenPiano_Sonatas_3-1,RH,BeethovenPiano_Sonatas_3-1:RH:84:330.375000:1,medium,,,ambiguous-candidate,external,P1,1,400.25,0.25,0,0,,,,,,
80,83,2,330.625,0.65625,0.25,0.4921875,0.2421875,0.375,0.25,0.0,0.2421875,0,0,0,0.886949012,key-release-grid,BeethovenPiano_Sonatas_3-1,RH,BeethovenPiano_Sonatas_3-1:RH:80:330.625000:2,normal,,,ambiguous-candidate,external,P1,1,400.5,0.25,0,0,,,,,,
80,83,2,330.625,0.65625,0.25,0.4921875,0.2421875,0.375,0.333333333,0.083333333,0.158854167,0,0,0,0.799147819,key-release-grid+pedal-acoustic-grid,BeethovenPiano_Sonatas_3-1,RH,BeethovenPiano_Sonatas_3-1:RH:80:330.625000:2,normal,,,ambiguous-candidate,external,P1,1,400.5,0.25,0,0,,,,,,
80,83,2,330.625,0.65625,0.25,0.4921875,0.2421875,0.375,0.375,0.125,0.1171875,0,0,1,0.782364312,next-voice-onset,BeethovenPiano_Sonatas_3-1,RH,BeethovenPiano_Sonatas_3-1:RH:80:330.625000:2,normal,,,ambiguous-candidate,external,P1,1,400.5,0.25,0,0,,,,,,
89,61,1,330.75,0.6875,0.125,0.3671875,0.2421875,0.375,0.125,0.0,0.2421875,0,0,0,0.886949012,key-release-grid,BeethovenPiano_Sonatas_3-1,RH,BeethovenPiano_Sonatas_3-1:RH:89:330.750000:1,normal,,,ambiguous-candidate,external,P1,1,400.75,0.25,0,0,,,,,,
89,61,1,330.75,0.6875,0.125,0.3671875,0.2421875,0.375,0.25,0.125,0.1171875,0,0,0,0.762364312,pedal-acoustic-grid,BeethovenPiano_Sonatas_3-1,RH,BeethovenPiano_Sonatas_3-1:RH:89:330.750000:1,normal,,,ambiguous-candidate,external,P1,1,400.75,0.25,0,0,,,,,,
89,61,1,330.75,0.6875,0.125,0.3671875,0.2421875,0.375,0.333333333,0.208333333,0.033854167,0,0,0,0.701515725,pedal-acoustic-grid,BeethovenPiano_Sonatas_3-1,RH,BeethovenPiano_Sonatas_3-1:RH:89:330.750000:1,normal,,,ambiguous-candidate,external,P1,1,400.75,0.25,0,0,,,,,,
89,61,1,330.75,0.6875,0.125,0.3671875,0.2421875,0.375,0.375,0.25,0.0078125,0,0,1,0.692238664,next-voice-onset+pedal-acoustic-grid,BeethovenPiano_Sonatas_3-1,RH,BeethovenPiano_Sonatas_3-1:RH:89:330.750000:1,normal,,,ambiguous-candidate,external,P1,1,400.75,0.25,0,0,,,,,,
72,91,2,331.0,0.75,0.333333333,0.846354167,0.513020833,0.75,0.333333333,0.0,0.513020834,0,0,0,0.835075775,key-release-grid,BeethovenPiano_Sonatas_3-1,RH,BeethovenPiano_Sonatas_3-1:RH:72:331.000000:2,medium,,,ambiguous-candidate,external,P1,1,401.0,0.25,0,0,,,,,,
72,91,2,331.0,0.75,0.333333333,0.846354167,0.513020833,0.75,0.375,0.041666667,0.471354167,0,0,0,0.786032348,key-release-grid,BeethovenPiano_Sonatas_3-1,RH,BeethovenPiano_Sonatas_3-1:RH:72:331.000000:2,medium,,,ambiguous-candidate,external,P1,1,401.0,0.25,0,0,,,,,,
72,91,2,331.0,0.75,0.333333333,0.846354167,0.513020833,0.75,0.25,0.083333333,0.596354167,0,0,0,0.714758823,key-release-grid,BeethovenPiano_Sonatas_3-1,RH,BeethovenPiano_Sonatas_3-1:RH:72:331.000000:2,medium,,,ambiguous-candidate,external,P1,1,401.0,0.25,0,0,,,,,,
72,91,2,331.0,0.75,0.333333333,0.846354167,0.513020833,0.75,0.75,0.416666667,0.096354167,0,0,1,0.546921049,next-voice-onset+pedal-acoustic-grid,BeethovenPiano_Sonatas_3-1,RH,BeethovenPiano_Sonatas_3-1:RH:72:331.000000:2,medium,,,ambiguous-candidate,external,P1,1,401.0,0.25,0,0,,,,,,
80,78,1,331.125,0.78125,0.25,0.721354167,0.471354167,0.25,0.25,0.0,0.471354167,0,0,1,0.862001258,key-release-grid+next-voice-onset,BeethovenPiano_Sonatas_3-1,RH,BeethovenPiano_Sonatas_3-1:RH:80:331.125000:1,medium,1,reference-score,labeled,external,P1,1,401.25,0.25,0,0,,,,,,
77,79,1,331.375,0.84375,0.125,0.471354167,0.346354167,0.125,0.125,0.0,0.346354167,0,0,1,0.884981924,key-release-grid+next-voice-onset,BeethovenPiano_Sonatas_3-1,RH,BeethovenPiano_Sonatas_3-1:RH:77:331.375000:1,medium,1,reference-score,labeled,external,P1,1,401.5,0.25,0,0,,,,,,
84,72,1,331.5,0.875,0.125,0.346354167,0.221354167,0.5,0.125,0.0,0.221354167,0,0,0,0.891681649,key-release-grid,BeethovenPiano_Sonatas_3-1,RH,BeethovenPiano_Sonatas_3-1:RH:84:331.500000:1,normal,,,ambiguous-candidate,external,P1,1,401.75,0.25,0,0,,,,,,
84,72,1,331.5,0.875,0.125,0.346354167,0.221354167,0.5,0.25,0.125,0.096354167,0,0,0,0.767862852,pedal-acoustic-grid,BeethovenPiano_Sonatas_3-1,RH,BeethovenPiano_Sonatas_3-1:RH:84:331.500000:1,normal,,,ambiguous-candidate,external,P1,1,401.75,0.25,0,0,,,,,,
84,72,1,331.5,0.875,0.125,0.346354167,0.221354167,0.5,0.333333333,0.208333333,0.013020834,0,0,0,0.707592551,pedal-acoustic-grid,BeethovenPiano_Sonatas_3-1,RH,BeethovenPiano_Sonatas_3-1:RH:84:331.500000:1,normal,,,ambiguous-candidate,external,P1,1,401.75,0.25,0,0,,,,,,
84,72,1,331.5,0.875,0.125,0.346354167,0.221354167,0.5,0.375,0.25,0.028645833,0,0,0,0.666123739,pedal-acoustic-grid,BeethovenPiano_Sonatas_3-1,RH,BeethovenPiano_Sonatas_3-1:RH:84:331.500000:1,normal,,,ambiguous-candidate,external,P1,1,401.75,0.25,0,0,,,,,,
84,72,1,331.5,0.875,0.125,0.346354167,0.221354167,0.5,0.5,0.375,0.153645833,0,1,1,0.598562559,barline+next-voice-onset,BeethovenPiano_Sonatas_3-1,RH,BeethovenPiano_Sonatas_3-1:RH:84:331.500000:1,normal,,,ambiguous-candidate,external,P1,1,401.75,0.25,0,0,,,,,,
68,91,2,331.75,0.9375,0.5,0.807291667,0.307291667,0.75,0.5,0.0,0.307291667,1,0,0,0.822065858,key-release-grid,BeethovenPiano_Sonatas_3-1,RH,BeethovenPiano_Sonatas_3-1:RH:68:331.750000:2,medium,0,reference-score,labeled,external,P1,1,402.0,0.25,0,0,,,,,,
68,91,2,331.75,0.9375,0.5,0.807291667,0.307291667,0.75,0.666666667,0.166666667,0.140625,1,0,0,0.67124449,key-release-grid+pedal-acoustic-grid,BeethovenPiano_Sonatas_3-1,RH,BeethovenPiano_Sonatas_3-1:RH:68:331.750000:2,medium,0,reference-score,labeled,external,P1,1,402.0,0.25,0,0,,,,,,
68,91,2,331.75,0.9375,0.5,0.807291667,0.307291667,0.75,0.75,0.25,0.057291667,1,0,1,0.638480069,next-voice-onset+pedal-acoustic-grid,BeethovenPiano_Sonatas_3-1,RH,BeethovenPiano_Sonatas_3-1:RH:68:331.750000:2,medium,0,reference-score,labeled,external,P1,1,402.0,0.25,0,0,,,,,,
68,91,2,331.75,0.9375,0.5,0.807291667,0.307291667,0.75,0.25,0.25,0.557291667,0,1,0,0.592658615,barline,BeethovenPiano_Sonatas_3-1,RH,BeethovenPiano_Sonatas_3-1:RH:68:331.750000:2,medium,1,reference-score,labeled,external,P1,1,402.0,0.25,0,0,,,,,,
38,87,2,317.75,0.4375,6.0,6.434895833,0.434895833,6.375,6.0,0.0,0.434895833,1,0,0,0.798947559,key-release-grid,BeethovenPiano_Sonatas_3-1,LH,BeethovenPiano_Sonatas_3-1:LH:38:317.750000:2,medium,,,reference-duration-not-candidate,external,P1,5,384.0,8.0,1,1,,,,,,
38,87,2,317.75,0.4375,6.0,6.434895833,0.434895833,6.375,6.375,0.375,0.059895833,1,0,1,0.549348573,next-voice-onset+pedal-acoustic-grid,BeethovenPiano_Sonatas_3-1,LH,BeethovenPiano_Sonatas_3-1:LH:38:317.750000:2,medium,,,reference-duration-not-candidate,external,P1,5,384.0,8.0,1,1,,,,,,
38,87,2,317.75,0.4375,6.0,6.434895833,0.434895833,6.375,6.333333333,0.333333333,0.1015625,1,0,0,0.546889011,pedal-acoustic-grid,BeethovenPiano_Sonatas_3-1,LH,BeethovenPiano_Sonatas_3-1:LH:38:317.750000:2,medium,,,reference-duration-not-candidate,external,P1,5,384.0,8.0,1,1,,,,,,
38,87,2,317.75,0.4375,6.0,6.434895833,0.434895833,6.375,2.25,3.75,4.184895833,0,1,0,0.042035198,barline,BeethovenPiano_Sonatas_3-1,LH,BeethovenPiano_Sonatas_3-1:LH:38:317.750000:2,medium,,,reference-duration-not-candidate,external,P1,5,384.0,8.0,1,1,,,,,,
41,93,2,317.75,0.4375,6.0,6.434895833,0.434895833,6.375,6.0,0.0,0.434895833,1,0,0,0.798947559,key-release-grid,BeethovenPiano_Sonatas_3-1,LH,BeethovenPiano_Sonatas_3-1:LH:41:317.750000:2,medium,,,reference-duration-not-candidate,external,P1,5,384.0,8.0,1,1,,,,,,
41,93,2,317.75,0.4375,6.0,6.434895833,0.434895833,6.375,6.375,0.375,0.059895833,1,0,1,0.549348573,next-voice-onset+pedal-acoustic-grid,BeethovenPiano_Sonatas_3-1,LH,BeethovenPiano_Sonatas_3-1:LH:41:317.750000:2,medium,,,reference-duration-not-candidate,external,P1,5,384.0,8.0,1,1,,,,,,
41,93,2,317.75,0.4375,6.0,6.434895833,0.434895833,6.375,6.333333333,0.333333333,0.1015625,1,0,0,0.546889011,pedal-acoustic-grid,BeethovenPiano_Sonatas_3-1,LH,BeethovenPiano_Sonatas_3-1:LH:41:317.750000:2,medium,,,reference-duration-not-candidate,external,P1,5,384.0,8.0,1,1,,,,,,
41,93,2,317.75,0.4375,6.0,6.434895833,0.434895833,6.375,2.25,3.75,4.184895833,0,1,0,0.042035198,barline,BeethovenPiano_Sonatas_3-1,LH,BeethovenPiano_Sonatas_3-1:LH:41:317.750000:2,medium,,,reference-duration-not-candidate,external,P1,5,384.0,8.0,1,1,,,,,,
46,99,2,317.75,0.4375,6.0,6.434895833,0.434895833,6.375,6.0,0.0,0.434895833,1,0,0,0.798947559,key-release-grid,BeethovenPiano_Sonatas_3-1,LH,BeethovenPiano_Sonatas_3-1:LH:46:317.750000:2,medium,,,reference-duration-not-candidate,external,P1,5,384.0,8.0,1,1,,,,,,
46,99,2,317.75,0.4375,6.0,6.434895833,0.434895833,6.375,6.375,0.375,0.059895833,1,0,1,0.549348573,next-voice-onset+pedal-acoustic-grid,BeethovenPiano_Sonatas_3-1,LH,BeethovenPiano_Sonatas_3-1:LH:46:317.750000:2,medium,,,reference-duration-not-candidate,external,P1,5,384.0,8.0,1,1,,,,,,
46,99,2,317.75,0.4375,6.0,6.434895833,0.434895833,6.375,6.333333333,0.333333333,0.1015625,1,0,0,0.546889011,pedal-acoustic-grid,BeethovenPiano_Sonatas_3-1,LH,BeethovenPiano_Sonatas_3-1:LH:46:317.750000:2,medium,,,reference-duration-not-candidate,external,P1,5,384.0,8.0,1,1,,,,,,
46,99,2,317.75,0.4375,6.0,6.434895833,0.434895833,6.375,2.25,3.75,4.184895833,0,1,0,0.042035198,barline,BeethovenPiano_Sonatas_3-1,LH,BeethovenPiano_Sonatas_3-1:LH:46:317.750000:2,medium,,,reference-duration-not-candidate,external,P1,5,384.0,8.0,1,1,,,,,,
34,89,3,317.75,0.4375,5.875,6.434895833,0.559895833,6.375,5.875,0.0,0.559895833,1,0,0,0.779486738,key-release-grid,BeethovenPiano_Sonatas_3-1,LH,BeethovenPiano_Sonatas_3-1:LH:34:317.750000:3,medium,,,reference-duration-not-candidate,external,P1,5,384.0,8.0,1,1,,,,,,
34,89,3,317.75,0.4375,5.875,6.434895833,0.559895833,6.375,6.0,0.125,0.434895833,1,0,0,0.653125255,key-release-grid,BeethovenPiano_Sonatas_3-1,LH,BeethovenPiano_Sonatas_3-1:LH:34:317.750000:3,medium,,,reference-duration-not-candidate,external,P1,5,384.0,8.0,1,1,,,,,,
34,89,3,317.75,0.4375,5.875,6.434895833,0.559895833,6.375,6.375,0.5,0.059895833,1,0,1,0.480466994,next-voice-onset+pedal-acoustic-grid,BeethovenPiano_Sonatas_3-1,LH,BeethovenPiano_Sonatas_3-1:LH:34:317.750000:3,medium,,,reference-duration-not-candidate,external,P1,5,384.0,8.0,1,1,,,,,,
34,89,3,317.75,0.4375,5.875,6.434895833,0.559895833,6.375,6.333333333,0.458333333,0.1015625,1,0,0,0.472021343,pedal-acoustic-grid,BeethovenPiano_Sonatas_3-1,LH,BeethovenPiano_Sonatas_3-1:LH:34:317.750000:3,medium,,,reference-duration-not-candidate,external,P1,5,384.0,8.0,1,1,,,,,,
34,89,3,317.75,0.4375,5.875,6.434895833,0.559895833,6.375,2.25,3.625,4.184895833,0,1,0,0.042145161,barline,BeethovenPiano_Sonatas_3-1,LH,BeethovenPiano_Sonatas_3-1:LH:34:317.750000:3,medium,,,reference-duration-not-candidate,external,P1,5,384.0,8.0,1,1,,,,,,
56,87,4,321.75,0.4375,0.5,0.833333333,0.333333333,0.75,0.5,0.0,0.333333333,0,0,0,0.867580012,key-release-grid,BeethovenPiano_Sonatas_3-1,LH,BeethovenPiano_Sonatas_3-1:LH:56:321.750000:4,medium,,,reference-duration-not-candidate,external,P1,1,389.0,0.25,0,0,,,,,,
56,87,4,321.75,0.4375,0.5,0.833333333,0.333333333,0.75,0.666666667,0.166666667,0.166666666,0,0,0,0.706254606,key-release-grid+pedal-acoustic-grid,BeethovenPiano_Sonatas_3-1,LH,BeethovenPiano_Sonatas_3-1:LH:56:321.750000:4,medium,,,reference-duration-not-candidate,external,P1,1,389.0,0.25,0,0,,,,,,
56,87,4,321.75,0.4375,0.5,0.833333333,0.333333333,0.75,0.75,0.25,0.083333333,0,0,1,0.670780816,next-voice-onset+pedal-acoustic-grid,BeethovenPiano_Sonatas_3-1,LH,BeethovenPiano_Sonatas_3-1:LH:56:321.750000:4,medium,,,reference-duration-not-candidate,external,P1,1,389.0,0.25,0,0,,,,,,
53,84,4,322.5,0.625,0.375,1.684895833,1.309895833,0.375,0.375,0.0,1.309895833,0,0,1,0.771913866,key-release-grid+next-voice-onset,BeethovenPiano_Sonatas_3-1,LH,BeethovenPiano_Sonatas_3-1:LH:53:322.500000:4,high,,,ambiguous-candidate,external,P1,1,390.0,0.25,0,0,,,,,,
53,84,4,322.5,0.625,0.375,1.684895833,1.309895833,0.375,0.333333333,0.041666667,1.3515625,0,0,0,0.693413086,key-release-grid,BeethovenPiano_Sonatas_3-1,LH,BeethovenPiano_Sonatas_3-1:LH:53:322.500000:4,high,,,ambiguous-candidate,external,P1,1,390.0,0.25,0,0,,,,,,
56,70,4,322.875,0.71875,0.125,1.309895833,1.184895833,0.375,0.125,0.0,1.184895833,0,0,0,0.760315307,key-release-grid,BeethovenPiano_Sonatas_3-1,LH,BeethovenPiano_Sonatas_3-1:LH:56:322.875000:4,medium,,,ambiguous-candidate,external,P1,1,390.5,0.25,0,0,,,,,,
56,70,4,322.875,0.71875,0.125,1.309895833,1.184895833,0.375,0.375,0.25,0.934895833,0,0,1,0.52598861,next-voice-onset,BeethovenPiano_Sonatas_3-1,LH,BeethovenPiano_Sonatas_3-1:LH:56:322.875000:4,medium,,,ambiguous-candidate,external,P1,1,390.5,0.25,0,0,,,,,,
56,88,4,323.25,0.8125,0.5,0.934895833,0.434895833,0.875,0.5,0.0,0.434895833,0,0,0,0.848351717,key-release-grid,BeethovenPiano_Sonatas_3-1,LH,BeethovenPiano_Sonatas_3-1:LH:56:323.250000:4,medium,,,reference-duration-not-candidate,external,P1,1,391.0,0.25,0,0,,,,,,
56,88,4,323.25,0.8125,0.5,0.934895833,0.434895833,0.875,0.666666667,0.166666667,0.268229166,0,0,0,0.682769113,key-release-grid,BeethovenPiano_Sonatas_3-1,LH,BeethovenPiano_Sonatas_3-1:LH:56:323.250000:4,medium,,,reference-duration-not-candidate,external,P1,1,391.0,0.25,0,0,,,,,,
56,88,4,323.25,0.8125,0.5,0.934895833,0.434895833,0.875,0.75,0.25,0.184895833,0,1,0,0.664825333,barline,BeethovenPiano_Sonatas_3-1,LH,BeethovenPiano_Sonatas_3-1:LH:56:323.250000:4,medium,,,reference-duration-not-candidate,external,P1,1,391.0,0.25,0,0,,,,,,
56,88,4,323.25,0.8125,0.5,0.934895833,0.434895833,0.875,0.875,0.375,0.059895833,1,0,1,0.549348573,next-voice-onset+pedal-acoustic-grid,BeethovenPiano_Sonatas_3-1,LH,BeethovenPiano_Sonatas_3-1:LH:56:323.250000:4,medium,,,reference-duration-not-candidate,external,P1,1,391.0,0.25,0,0,,,,,,
47,73,1,324.125,0.03125,5.375,6.216145833,0.841145833,6.0,5.375,0.0,0.841145833,1,0,0,0.745040915,key-release-grid,BeethovenPiano_Sonatas_3-1,LH,BeethovenPiano_Sonatas_3-1:LH:47:324.125000:1,medium,,,reference-duration-not-candidate,external,P1,5,392.0,8.0,1,1,,,,,,
47,73,1,324.125,0.03125,5.375,6.216145833,0.841145833,6.0,5.333333333,0.041666667,0.8828125,1,0,0,0.688146585,key-release-grid,BeethovenPiano_Sonatas_3-1,LH,BeethovenPiano_Sonatas_3-1:LH:47:324.125000:1,medium,,,reference-duration-not-candidate,external,P1,5,392.0,8.0,1,1,,,,,,
47,73,1,324.125,0.03125,5.375,6.216145833,0.841145833,6.0,5.5,0.125,0.716145833,1,0,0,0.613104918,key-release-grid,BeethovenPiano_Sonatas_3-1,LH,BeethovenPiano_Sonatas_3-1:LH:47:324.125000:1,medium,,,reference-duration-not-candidate,external,P1,5,392.0,8.0,1,1,,,,,,
47,73,1,324.125,0.03125,5.375,6.216145833,0.841145833,6.0,6.0,0.625,0.216145833,1,0,1,0.389360086,next-voice-onset,BeethovenPiano_Sonatas_3-1,LH,BeethovenPiano_Sonatas_3-1:LH:47:324.125000:1,medium,,,reference-duration-not-candidate,external,P1,5,392.0,8.0,1,1,,,,,,
47,73,1,324.125,0.03125,5.375,6.216145833,0.841145833,6.0,3.875,1.5,2.341145833,0,1,0,0.089911606,barline,BeethovenPiano_Sonatas_3-1,LH,BeethovenPiano_Sonatas_3-1:LH:47:324.125000:1,medium,,,reference-duration-not-candidate,external,P1,5,392.0,8.0,1,1,,,,,,
38,54,2,324.125,0.03125,5.333333333,6.216145833,0.8828125,12.5,5.333333333,0.0,0.8828125,1,0,0,0.740856119,key-release-grid,BeethovenPiano_Sonatas_3-1,LH,BeethovenPiano_Sonatas_3-1:LH:38:324.125000:2,medium,,,reference-duration-not-candidate,external,P1,5,392.0,8.0,1,1,,,,,,
38,54,2,324.125,0.03125,5.333333333,6.216145833,0.8828125,12.5,5.375,0.041666667,0.841145833,1,0,0,0.69233138,key-release-grid,BeethovenPiano_Sonatas_3-1,LH,BeethovenPiano_Sonatas_3-1:LH:38:324.125000:2,medium,,,reference-duration-not-candidate,external,P1,5,392.0,8.0,1,1,,,,,,
38,54,2,324.125,0.03125,5.333333333,6.216145833,0.8828125,12.5,5.25,0.083333333,0.966145833,1,0,0,0.631884213,key-release-grid,BeethovenPiano_Sonatas_3-1,LH,BeethovenPiano_Sonatas_3-1:LH:38:324.125000:2,medium,,,reference-duration-not-candidate,external,P1,5,392.0,8.0,1,1,,,,,,
38,54,2,324.125,0.03125,5.333333333,6.216145833,0.8828125,12.5,6.25,0.916666667,0.033854167,1,0,0,0.33146637,pedal-acoustic-grid,BeethovenPiano_Sonatas_3-1,LH,BeethovenPiano_Sonatas_3-1:LH:38:324.125000:2,medium,,,reference-duration-not-candidate,external,P1,5,392.0,8.0,1,1,,,,,,
38,54,2,324.125,0.03125,5.333333333,6.216145833,0.8828125,12.5,6.333333333,1.0,0.1171875,1,0,0,0.29377258,pedal-acoustic-grid,BeethovenPiano_Sonatas_3-1,LH,BeethovenPiano_Sonatas_3-1:LH:38:324.125000:2,medium,,,reference-duration-not-candidate,external,P1,5,392.0,8.0,1,1,,,,,,
38,54,2,324.125,0.03125,5.333333333,6.216145833,0.8828125,12.5,3.875,1.458333333,2.341145833,0,1,0,0.092940294,barline,BeethovenPiano_Sonatas_3-1,LH,BeethovenPiano_Sonatas_3-1:LH:38:324.125000:2,medium,,,reference-duration-not-candidate,external,P1,5,392.0,8.0,1,1,,,,,,
38,54,2,324.125,0.03125,5.333333333,6.216145833,0.8828125,12.5,12.5,7.166666667,6.283854167,1,0,1,0.018960718,next-voice-onset,BeethovenPiano_Sonatas_3-1,LH,BeethovenPiano_Sonatas_3-1:LH:38:324.125000:2,medium,,,reference-duration-not-candidate,external,P1,5,392.0,8.0,1,1,,,,,,
35,70,3,324.125,0.03125,5.333333333,6.216145833,0.8828125,6.0,5.333333333,0.0,0.8828125,1,0,0,0.740856119,key-release-grid,BeethovenPiano_Sonatas_3-1,LH,BeethovenPiano_Sonatas_3-1:LH:35:324.125000:3,medium,,,reference-duration-not-candidate,external,P1,5,392.0,8.0,1,1,,,,,,
35,70,3,324.125,0.03125,5.333333333,6.216145833,0.8828125,6.0,5.375,0.041666667,0.841145833,1,0,0,0.69233138,key-release-grid,BeethovenPiano_Sonatas_3-1,LH,BeethovenPiano_Sonatas_3-1:LH:35:324.125000:3,medium,,,reference-duration-not-candidate,external,P1,5,392.0,8.0,1,1,,,,,,
35,70,3,324.125,0.03125,5.333333333,6.216145833,0.8828125,6.0,5.25,0.083333333,0.966145833,1,0,0,0.631884213,key-release-grid,BeethovenPiano_Sonatas_3-1,LH,BeethovenPiano_Sonatas_3-1:LH:35:324.125000:3,medium,,,reference-duration-not-candidate,external,P1,5,392.0,8.0,1,1,,,,,,
35,70,3,324.125,0.03125,5.333333333,6.216145833,0.8828125,6.0,6.0,0.666666667,0.216145833,1,0,1,0.374258551,next-voice-onset,BeethovenPiano_Sonatas_3-1,LH,BeethovenPiano_Sonatas_3-1:LH:35:324.125000:3,medium,,,reference-duration-not-candidate,external,P1,5,392.0,8.0,1,1,,,,,,
35,70,3,324.125,0.03125,5.333333333,6.216145833,0.8828125,6.0,3.875,1.458333333,2.341145833,0,1,0,0.092940294,barline,BeethovenPiano_Sonatas_3-1,LH,BeethovenPiano_Sonatas_3-1:LH:35:324.125000:3,medium,,,reference-duration-not-candidate,external,P1,5,392.0,8.0,1,1,,,,,,
41,58,4,324.125,0.03125,5.25,6.216145833,0.966145833,6.0,5.25,0.0,0.966145833,1,0,0,0.733088859,key-release-grid,BeethovenPiano_Sonatas_3-1,LH,BeethovenPiano_Sonatas_3-1:LH:41:324.125000:4,medium,,,reference-duration-not-candidate,external,P1,5,392.0,8.0,1,1,,,,,,
41,58,4,324.125,0.03125,5.25,6.216145833,0.966145833,6.0,5.333333333,0.083333333,0.8828125,1,0,0,0.639651473,key-release-grid,BeethovenPiano_Sonatas_3-1,LH,BeethovenPiano_Sonatas_3-1:LH:41:324.125000:4,medium,,,reference-duration-not-candidate,external,P1,5,392.0,8.0,1,1,,,,,,
41,58,4,324.125,0.03125,5.25,6.216145833,0.966145833,6.0,6.0,0.75,0.216145833,1,0,1,0.347581296,next-voice-onset,BeethovenPiano_Sonatas_3-1,LH,BeethovenPiano_Sonatas_3-1:LH:41:324.125000:4,medium,,,reference-duration-not-candidate,external,P1,5,392.0,8.0,1,1,,,,,,
41,58,4,324.125,0.03125,5.25,6.216145833,0.966145833,6.0,3.875,1.375,2.341145833,0,1,0,0.099810161,barline,BeethovenPiano_Sonatas_3-1,LH,BeethovenPiano_Sonatas_3-1:LH:41:324.125000:4,medium,,,reference-duration-not-candidate,external,P1,5,392.0,8.0,1,1,,,,,,
53,82,5,324.125,0.03125,0.375,0.869791667,0.494791667,0.375,0.375,0.0,0.494791667,0,0,1,0.858063112,key-release-grid+next-voice-onset,BeethovenPiano_Sonatas_3-1,LH,BeethovenPiano_Sonatas_3-1:LH:53:324.125000:5,medium,,,ambiguous-candidate,external,P1,1,392.0,0.25,0,0,,,,,,
53,82,5,324.125,0.03125,0.375,0.869791667,0.494791667,0.375,0.333333333,0.041666667,0.536458334,0,0,0,0.775360785,key-release-grid,BeethovenPiano_Sonatas_3-1,LH,BeethovenPiano_Sonatas_3-1:LH:53:324.125000:5,medium,,,ambiguous-candidate,external,P1,1,392.0,0.25,0,0,,,,,,
56,70,5,324.5,0.125,0.125,0.494791667,0.369791667,0.375,0.125,0.0,0.369791667,0,0,0,0.860406452,key-release-grid,BeethovenPiano_Sonatas_3-1,LH,BeethovenPiano_Sonatas_3-1:LH:56:324.500000:5,medium,,,ambiguous-candidate,external,P1,1,392.5,0.25,0,0,,,,,,
56,70,5,324.5,0.125,0.125,0.494791667,0.369791667,0.375,0.333333333,0.208333333,0.161458334,0,0,0,0.667434402,pedal-acoustic-grid,BeethovenPiano_Sonatas_3-1,LH,BeethovenPiano_Sonatas_3-1:LH:56:324.500000:5,medium,,,ambiguous-candidate,external,P1,1,392.5,0.25,0,0,,,,,,
56,70,5,324.5,0.125,0.125,0.494791667,0.369791667,0.375,0.375,0.25,0.119791667,0,0,1,0.661097523,next-voice-onset,BeethovenPiano_Sonatas_3-1,LH,BeethovenPiano_Sonatas_3-1:LH:56:324.500000:5,medium,,,ambiguous-candidate,external,P1,1,392.5,0.25,0,0,,,,,,
56,95,5,324.875,0.21875,0.375,0.776041667,0.401041667,9.125,0.375,0.0,0.401041667,0,0,0,0.854502599,key-release-grid,BeethovenPiano_Sonatas_3-1,LH,BeethovenPiano_Sonatas_3-1:LH:56:324.875000:5,medium,,,ambiguous-candidate,external,P1,1,393.0,0.25,0,0,,,,,,
56,95,5,324.875,0.21875,0.375,0.776041667,0.401041667,9.125,0.333333333,0.041666667,0.442708334,0,0,0,0.790998508,key-release-grid,BeethovenPiano_Sonatas_3-1,LH,BeethovenPiano_Sonatas_3-1:LH:56:324.875000:5,medium,,,ambiguous-candidate,external,P1,1,393.0,0.25,0,0,,,,,,
56,95,5,324.875,0.21875,0.375,0.776041667,0.401041667,9.125,0.5,0.125,0.276041667,0,0,0,0.724666958,key-release-grid,BeethovenPiano_Sonatas_3-1,LH,BeethovenPiano_Sonatas_3-1:LH:56:324.875000:5,medium,,,ambiguous-candidate,external,P1,1,393.0,0.25,0,0,,,,,,
56,95,5,324.875,0.21875,0.375,0.776041667,0.401041667,9.125,0.666666667,0.291666667,0.109375,0,0,0,0.609874226,pedal-acoustic-grid,BeethovenPiano_Sonatas_3-1,LH,BeethovenPiano_Sonatas_3-1:LH:56:324.875000:5,medium,,,ambiguous-candidate,external,P1,1,393.0,0.25,0,0,,,,,,
56,95,5,324.875,0.21875,0.375,0.776041667,0.401041667,9.125,0.75,0.375,0.026041667,0,0,0,0.572964895,pedal-acoustic-grid,BeethovenPiano_Sonatas_3-1,LH,BeethovenPiano_Sonatas_3-1:LH:56:324.875000:5,medium,,,ambiguous-candidate,external,P1,1,393.0,0.25,0,0,,,,,,
56,95,5,324.875,0.21875,0.375,0.776041667,0.401041667,9.125,3.125,2.75,2.348958333,0,1,0,0.057780864,barline,BeethovenPiano_Sonatas_3-1,LH,BeethovenPiano_Sonatas_3-1:LH:56:324.875000:5,medium,,,ambiguous-candidate,external,P1,1,393.0,0.25,0,0,,,,,,
56,95,5,324.875,0.21875,0.375,0.776041667,0.401041667,9.125,9.125,8.75,8.348958333,1,0,1,0.018845798,next-voice-onset,BeethovenPiano_Sonatas_3-1,LH,BeethovenPiano_Sonatas_3-1:LH:56:324.875000:5,medium,,,ambiguous-candidate,external,P1,1,393.0,0.25,0,0,,,,,,
48,92,1,330.125,0.53125,5.666666667,6.372395833,0.705729167,6.375,5.666666667,0.0,0.705729166,1,0,0,0.760181194,key-release-grid,BeethovenPiano_Sonatas_3-1,LH,BeethovenPiano_Sonatas_3-1:LH:48:330.125000:1,medium,,,reference-duration-not-candidate,external,P1,5,400.0,8.0,1,1,,,,,,
48,92,1,330.125,0.53125,5.666666667,6.372395833,0.705729167,6.375,5.625,0.041666667,0.747395833,1,0,0,0.702548463,key-release-grid,BeethovenPiano_Sonatas_3-1,LH,BeethovenPiano_Sonatas_3-1:LH:48:330.125000:1,medium,,,reference-duration-not-candidate,external,P1,5,400.0,8.0,1,1,,,,,,
48,92,1,330.125,0.53125,5.666666667,6.372395833,0.705729167,6.375,5.75,0.083333333,0.622395833,1,0,0,0.669593133,key-release-grid,BeethovenPiano_Sonatas_3-1,LH,BeethovenPiano_Sonatas_3-1:LH:48:330.125000:1,medium,,,reference-duration-not-candidate,external,P1,5,400.0,8.0,1,1,,,,,,
48,92,1,330.125,0.53125,5.666666667,6.372395833,0.705729167,6.375,6.375,0.708333333,0.002604167,1,0,1,0.413420242,next-voice-onset+pedal-acoustic-grid,BeethovenPiano_Sonatas_3-1,LH,BeethovenPiano_Sonatas_3-1:LH:48:330.125000:1,medium,,,reference-duration-not-candidate,external,P1,5,400.0,8.0,1,1,,,,,,
48,92,1,330.125,0.53125,5.666666667,6.372395833,0.705729167,6.375,6.25,0.583333333,0.122395833,1,0,0,0.40856828,pedal-acoustic-grid,BeethovenPiano_Sonatas_3-1,LH,BeethovenPiano_Sonatas_3-1:LH:48:330.125000:1,medium,,,reference-duration-not-candidate,external,P1,5,400.0,8.0,1,1,,,,,,
48,92,1,330.125,0.53125,5.666666667,6.372395833,0.705729167,6.375,6.333333333,0.666666666,0.0390625,1,0,0,0.398432004,pedal-acoustic-grid,BeethovenPiano_Sonatas_3-1,LH,BeethovenPiano_Sonatas_3-1:LH:48:330.125000:1,medium,,,reference-duration-not-candidate,external,P1,5,400.0,8.0,1,1,,,,,,
48,92,1,330.125,0.53125,5.666666667,6.372395833,0.705729167,6.375,1.875,3.791666667,4.497395833,0,1,0,0.041488883,barline,BeethovenPiano_Sonatas_3-1,LH,BeethovenPiano_Sonatas_3-1:LH:48:330.125000:1,medium,,,reference-duration-not-candidate,external,P1,5,400.0,8.0,1,1,,,,,,
36,85,3,330.125,0.53125,5.625,6.372395833,0.747395833,6.375,5.625,0.0,0.747395833,1,0,0,0.755257998,key-release-grid,BeethovenPiano_Sonatas_3-1,LH,BeethovenPiano_Sonatas_3-1:LH:36:330.125000:3,medium,,,reference-duration-not-candidate,external,P1,5,400.0,8.0,1,1,,,,,,
36,85,3,330.125,0.53125,5.625,6.372395833,0.747395833,6.375,5.666666667,0.041666667,0.705729166,1,0,0,0.707471659,key-release-grid,BeethovenPiano_Sonatas_3-1,LH,BeethovenPiano_Sonatas_3-1:LH:36:330.125000:3,medium,,,reference-duration-not-candidate,external,P1,5,400.0,8.0,1,1,,,,,,
36,85,3,330.125,0.53125,5.625,6.372395833,0.747395833,6.375,5.5,0.125,0.872395833,1,0,0,0.59606048,key-release-grid,BeethovenPiano_Sonatas_3-1,LH,BeethovenPiano_Sonatas_3-1:LH:36:330.125000:3,medium,,,reference-duration-not-candidate,external,P1,5,400.0,8.0,1,1,,,,,,
36,85,3,330.125,0.53125,5.625,6.372395833,0.747395833,6.375,6.375,0.75,0.002604167,1,0,1,0.400637069,next-voice-onset+pedal-acoustic-grid,BeethovenPiano_Sonatas_3-1,LH,BeethovenPiano_Sonatas_3-1:LH:36:330.125000:3,medium,,,reference-duration-not-candidate,external,P1,5,400.0,8.0,1,1,,,,,,
36,85,3,330.125,0.53125,5.625,6.372395833,0.747395833,6.375,6.25,0.625,0.122395833,1,0,0,0.39215436,pedal-acoustic-grid,BeethovenPiano_Sonatas_3-1,LH,BeethovenPiano_Sonatas_3-1:LH:36:330.125000:3,medium,,,reference-duration-not-candidate,external,P1,5,400.0,8.0,1,1,,,,,,
36,85,3,330.125,0.53125,5.625,6.372395833,0.747395833,6.375,6.333333333,0.708333333,0.0390625,1,0,0,0.384537922,pedal-acoustic-grid,BeethovenPiano_Sonatas_3-1,LH,BeethovenPiano_Sonatas_3-1:LH:36:330.125000:3,medium,,,reference-duration-not-candidate,external,P1,5,400.0,8.0,1,1,,,,,,
36,85,3,330.125,0.53125,5.625,6.372395833,0.747395833,6.375,1.875,3.75,4.497395833,0,1,0,0.041519838,barline,BeethovenPiano_Sonatas_3-1,LH,BeethovenPiano_Sonatas_3-1:LH:36:330.125000:3,medium,,,reference-duration-not-candidate,external,P1,5,400.0,8.0,1,1,,,,,,
41,75,4,330.125,0.53125,5.875,6.372395833,0.497395833,6.375,5.875,0.0,0.497395833,1,0,0,0.788852429,key-release-grid,BeethovenPiano_Sonatas_3-1,LH,BeethovenPiano_Sonatas_3-1:LH:41:330.125000:4,medium,,,reference-duration-not-candidate,external,P1,5,400.0,8.0,1,1,,,,,,
41,75,4,330.125,0.53125,5.875,6.372395833,0.497395833,6.375,6.0,0.125,0.372395833,1,0,0,0.664006635,key-release-grid,BeethovenPiano_Sonatas_3-1,LH,BeethovenPiano_Sonatas_3-1:LH:41:330.125000:4,medium,,,reference-duration-not-candidate,external,P1,5,400.0,8.0,1,1,,,,,,
41,75,4,330.125,0.53125,5.875,6.372395833,0.497395833,6.375,6.25,0.375,0.122395833,1,0,0,0.514680967,pedal-acoustic-grid,BeethovenPiano_Sonatas_3-1,LH,BeethovenPiano_Sonatas_3-1:LH:41:330.125000:4,medium,,,reference-duration-not-candidate,external,P1,5,400.0,8.0,1,1,,,,,,
41,75,4,330.125,0.53125,5.875,6.372395833,0.497395833,6.375,6.375,0.5,0.002604167,1,0,1,0.496060886,next-voice-onset+pedal-acoustic-grid,BeethovenPiano_Sonatas_3-1,LH,BeethovenPiano_Sonatas_3-1:LH:41:330.125000:4,medium,,,reference-duration-not-candidate,external,P1,5,400.0,8.0,1,1,,,,,,
41,75,4,330.125,0.53125,5.875,6.372395833,0.497395833,6.375,6.333333333,0.458333333,0.0390625,1,0,0,0.488254455,pedal-acoustic-grid,BeethovenPiano_Sonatas_3-1,LH,BeethovenPiano_Sonatas_3-1:LH:41:330.125000:4,medium,,,reference-duration-not-candidate,external,P1,5,400.0,8.0,1,1,,,,,,
41,75,4,330.125,0.53125,5.875,6.372395833,0.497395833,6.375,1.875,4.0,4.497395833,0,1,0,0.041367503,barline,BeethovenPiano_Sonatas_3-1,LH,BeethovenPiano_Sonatas_3-1:LH:41:330.125000:4,medium,,,reference-duration-not-candidate,external,P1,5,400.0,8.0,1,1,,,,,,
44,89,4,330.125,0.53125,5.875,6.372395833,0.497395833,6.375,5.875,0.0,0.497395833,1,0,0,0.788852429,key-release-grid,BeethovenPiano_Sonatas_3-1,LH,BeethovenPiano_Sonatas_3-1:LH:44:330.125000:4,medium,,,reference-duration-not-candidate,external,P1,5,400.0,8.0,1,1,,,,,,
44,89,4,330.125,0.53125,5.875,6.372395833,0.497395833,6.375,6.0,0.125,0.372395833,1,0,0,0.664006635,key-release-grid,BeethovenPiano_Sonatas_3-1,LH,BeethovenPiano_Sonatas_3-1:LH:44:330.125000:4,medium,,,reference-duration-not-candidate,external,P1,5,400.0,8.0,1,1,,,,,,
44,89,4,330.125,0.53125,5.875,6.372395833,0.497395833,6.375,6.25,0.375,0.122395833,1,0,0,0.514680967,pedal-acoustic-grid,BeethovenPiano_Sonatas_3-1,LH,BeethovenPiano_Sonatas_3-1:LH:44:330.125000:4,medium,,,reference-duration-not-candidate,external,P1,5,400.0,8.0,1,1,,,,,,
44,89,4,330.125,0.53125,5.875,6.372395833,0.497395833,6.375,6.375,0.5,0.002604167,1,0,1,0.496060886,next-voice-onset+pedal-acoustic-grid,BeethovenPiano_Sonatas_3-1,LH,BeethovenPiano_Sonatas_3-1:LH:44:330.125000:4,medium,,,reference-duration-not-candidate,external,P1,5,400.0,8.0,1,1,,,,,,
44,89,4,330.125,0.53125,5.875,6.372395833,0.497395833,6.375,6.333333333,0.458333333,0.0390625,1,0,0,0.488254455,pedal-acoustic-grid,BeethovenPiano_Sonatas_3-1,LH,BeethovenPiano_Sonatas_3-1:LH:44:330.125000:4,medium,,,reference-duration-not-candidate,external,P1,5,400.0,8.0,1,1,,,,,,
44,89,4,330.125,0.53125,5.875,6.372395833,0.497395833,6.375,1.875,4.0,4.497395833,0,1,0,0.041367503,barline,BeethovenPiano_Sonatas_3-1,LH,BeethovenPiano_Sonatas_3-1:LH:44:330.125000:4,medium,,,reference-duration-not-candidate,external,P1,5,400.0,8.0,1,1,,,,,,
