pitch,velocity,voice,onset_ql,beat_position,key_duration_ql,acoustic_duration_ql,pedal_extension_ql,next_voice_gap_ql,candidate_duration_ql,candidate_key_gap_ql,candidate_acoustic_gap_ql,candidate_crosses_barline,candidate_has_barline,candidate_has_next_onset,rule_probability,candidate_source,piece,hand,candidate_event_id,review_priority,label,label_source,auto_label_status,alignment_method,reference_part,reference_voice,reference_onset_ql,reference_duration_ql,reference_tie_start,reference_tie_stop,review_class,review_note,acoustic_sustain,performance_pedal_action,published_score_pedal,notation_decision
73,80,2,156.0,0.0,0.125,5.283854167,5.158854167,0.25,0.125,0.0,5.158854167,0,0,0,0.700512137,key-release-grid,ChopinEtudes_op_10_5,RH,ChopinEtudes_op_10_5:RH:73:156.000000:2,medium,,,ambiguous-candidate,external,P1,1,158.666666667,0.166666667,0,0,,,,,,
73,80,2,156.0,0.0,0.125,5.283854167,5.158854167,0.25,0.25,0.125,5.033854167,0,0,1,0.565755566,next-voice-onset,ChopinEtudes_op_10_5,RH,ChopinEtudes_op_10_5:RH:73:156.000000:2,medium,,,ambiguous-candidate,external,P1,1,158.666666667,0.166666667,0,0,,,,,,
78,77,2,156.0,0.0,0.125,5.283854167,5.158854167,0.25,0.125,0.0,5.158854167,0,0,0,0.700512137,key-release-grid,ChopinEtudes_op_10_5,RH,ChopinEtudes_op_10_5:RH:78:156.000000:2,medium,,,ambiguous-candidate,external,P1,1,158.5,0.166666667,0,0,,,,,,
78,77,2,156.0,0.0,0.125,5.283854167,5.158854167,0.25,0.25,0.125,5.033854167,0,0,1,0.565755566,next-voice-onset,ChopinEtudes_op_10_5,RH,ChopinEtudes_op_10_5:RH:78:156.000000:2,medium,,,ambiguous-candidate,external,P1,1,158.5,0.166666667,0,0,,,,,,
75,77,3,156.0,0.0,0.25,5.283854167,5.033854167,0.25,0.25,0.0,5.033854167,0,0,1,0.720595018,key-release-grid+next-voice-onset,ChopinEtudes_op_10_5,RH,ChopinEtudes_op_10_5:RH:75:156.000000:3,medium,1,reference-score,labeled,external,P1,1,158.5,0.166666667,0,0,,,,,,
61,83,2,156.25,0.125,0.125,5.033854167,4.908854167,0.125,0.125,0.0,4.908854167,0,0,1,0.720691312,key-release-grid+next-voice-onset,ChopinEtudes_op_10_5,RH,ChopinEtudes_op_10_5:RH:61:156.250000:2,medium,1,reference-score,labeled,external,P1,5,158.833333333,0.166666667,0,0,,,,,,
70,82,3,156.25,0.125,0.125,5.033854167,4.908854167,0.125,0.125,0.0,4.908854167,0,0,1,0.720691312,key-release-grid+next-voice-onset,ChopinEtudes_op_10_5,RH,ChopinEtudes_op_10_5:RH:70:156.250000:3,medium,1,reference-score,labeled,external,P1,1,158.833333333,0.166666667,0,0,,,,,,
82,76,2,156.375,0.1875,0.125,4.908854167,4.783854167,0.125,0.125,0.0,4.783854167,0,0,1,0.72080319,key-release-grid+next-voice-onset,ChopinEtudes_op_10_5,RH,ChopinEtudes_op_10_5:RH:82:156.375000:2,medium,1,reference-score,labeled,external,P1,1,159.0,0.166666667,0,0,,,,,,
78,77,3,156.375,0.1875,0.25,4.908854167,4.658854167,0.375,0.25,0.0,4.658854167,0,0,0,0.700933174,key-release-grid,ChopinEtudes_op_10_5,RH,ChopinEtudes_op_10_5:RH:78:156.375000:3,medium,1,reference-score,labeled,external,P1,1,159.0,0.166666667,0,0,,,,,,
78,77,3,156.375,0.1875,0.25,4.908854167,4.658854167,0.375,0.333333333,0.083333333,4.575520834,0,0,0,0.593568524,key-release-grid,ChopinEtudes_op_10_5,RH,ChopinEtudes_op_10_5:RH:78:156.375000:3,medium,0,reference-score,labeled,external,P1,1,159.0,0.166666667,0,0,,,,,,
78,77,3,156.375,0.1875,0.25,4.908854167,4.658854167,0.375,0.375,0.125,4.533854167,0,0,1,0.566244741,next-voice-onset,ChopinEtudes_op_10_5,RH,ChopinEtudes_op_10_5:RH:78:156.375000:3,medium,0,reference-score,labeled,external,P1,1,159.0,0.166666667,0,0,,,,,,
75,78,2,156.5,0.25,0.125,4.783854167,4.658854167,0.25,0.125,0.0,4.658854167,0,0,0,0.700933174,key-release-grid,ChopinEtudes_op_10_5,RH,ChopinEtudes_op_10_5:RH:75:156.500000:2,medium,,,ambiguous-candidate,external,P1,1,159.166666667,0.166666667,0,0,,,,,,
75,78,2,156.5,0.25,0.125,4.783854167,4.658854167,0.25,0.25,0.125,4.533854167,0,0,1,0.566244741,next-voice-onset,ChopinEtudes_op_10_5,RH,ChopinEtudes_op_10_5:RH:75:156.500000:2,medium,,,ambiguous-candidate,external,P1,1,159.166666667,0.166666667,0,0,,,,,,
80,13,2,156.5,0.25,0.125,4.783854167,4.658854167,0.25,0.125,0.0,4.658854167,0,0,0,0.700933174,key-release-grid,ChopinEtudes_op_10_5,RH,ChopinEtudes_op_10_5:RH:80:156.500000:2,medium,,,unmatched,external,,,,,,,,,,,,
80,13,2,156.5,0.25,0.125,4.783854167,4.658854167,0.25,0.25,0.125,4.533854167,0,0,1,0.566244741,next-voice-onset,ChopinEtudes_op_10_5,RH,ChopinEtudes_op_10_5:RH:80:156.500000:2,medium,,,unmatched,external,,,,,,,,,,,,
66,41,2,156.75,0.375,0.125,4.533854167,4.408854167,0.125,0.125,0.0,4.408854167,0,0,1,0.721259653,key-release-grid+next-voice-onset,ChopinEtudes_op_10_5,RH,ChopinEtudes_op_10_5:RH:66:156.750000:2,medium,1,reference-score,labeled,external,P1,5,159.333333333,0.166666667,0,0,,,,,,
68,46,2,156.75,0.375,0.125,4.533854167,4.408854167,0.125,0.125,0.0,4.408854167,0,0,1,0.721259653,key-release-grid+next-voice-onset,ChopinEtudes_op_10_5,RH,ChopinEtudes_op_10_5:RH:68:156.750000:2,medium,,,unmatched,external,,,,,,,,,,,,
73,80,3,156.75,0.375,0.125,4.533854167,4.408854167,0.125,0.125,0.0,4.408854167,0,0,1,0.721259653,key-release-grid+next-voice-onset,ChopinEtudes_op_10_5,RH,ChopinEtudes_op_10_5:RH:73:156.750000:3,medium,1,reference-score,labeled,external,P1,1,159.333333333,0.166666667,0,0,,,,,,
85,83,2,156.875,0.4375,0.125,4.408854167,4.283854167,0.125,0.125,0.0,4.283854167,0,0,1,0.721463507,key-release-grid+next-voice-onset,ChopinEtudes_op_10_5,RH,ChopinEtudes_op_10_5:RH:85:156.875000:2,medium,1,reference-score,labeled,external,P1,1,159.5,0.166666667,0,0,,,,,,
82,79,3,156.875,0.4375,0.25,4.408854167,4.158854167,0.375,0.25,0.0,4.158854167,0,0,0,0.701700353,key-release-grid,ChopinEtudes_op_10_5,RH,ChopinEtudes_op_10_5:RH:82:156.875000:3,medium,1,reference-score,labeled,external,P1,1,159.5,0.166666667,0,0,,,,,,
82,79,3,156.875,0.4375,0.25,4.408854167,4.158854167,0.375,0.333333333,0.083333333,4.075520834,0,0,0,0.594416389,key-release-grid,ChopinEtudes_op_10_5,RH,ChopinEtudes_op_10_5:RH:82:156.875000:3,medium,0,reference-score,labeled,external,P1,1,159.5,0.166666667,0,0,,,,,,
82,79,3,156.875,0.4375,0.25,4.408854167,4.158854167,0.375,0.375,0.125,4.033854167,0,0,1,0.567136077,next-voice-onset,ChopinEtudes_op_10_5,RH,ChopinEtudes_op_10_5:RH:82:156.875000:3,medium,0,reference-score,labeled,external,P1,1,159.5,0.166666667,0,0,,,,,,
80,74,2,157.0,0.5,0.125,4.283854167,4.158854167,0.25,0.125,0.0,4.158854167,0,0,0,0.701700353,key-release-grid,ChopinEtudes_op_10_5,RH,ChopinEtudes_op_10_5:RH:80:157.000000:2,medium,,,ambiguous-candidate,external,P1,1,159.666666667,0.166666667,0,0,,,,,,
80,74,2,157.0,0.5,0.125,4.283854167,4.158854167,0.25,0.25,0.125,4.033854167,0,0,1,0.567136077,next-voice-onset,ChopinEtudes_op_10_5,RH,ChopinEtudes_op_10_5:RH:80:157.000000:2,medium,,,ambiguous-candidate,external,P1,1,159.666666667,0.166666667,0,0,,,,,,
70,78,2,157.25,0.625,0.125,4.033854167,3.908854167,0.25,0.125,0.0,3.908854167,0,0,0,0.702295237,key-release-grid,ChopinEtudes_op_10_5,RH,ChopinEtudes_op_10_5:RH:70:157.250000:2,medium,,,ambiguous-candidate,external,P1,5,159.833333333,0.166666667,0,0,,,,,,
70,78,2,157.25,0.625,0.125,4.033854167,3.908854167,0.25,0.25,0.125,3.783854167,0,0,1,0.567827233,next-voice-onset,ChopinEtudes_op_10_5,RH,ChopinEtudes_op_10_5:RH:70:157.250000:2,medium,,,ambiguous-candidate,external,P1,5,159.833333333,0.166666667,0,0,,,,,,
78,75,3,157.25,0.625,0.125,4.033854167,3.908854167,0.125,0.125,0.0,3.908854167,0,0,1,0.722295237,key-release-grid+next-voice-onset,ChopinEtudes_op_10_5,RH,ChopinEtudes_op_10_5:RH:78:157.250000:3,medium,1,reference-score,labeled,external,P1,1,159.833333333,0.166666667,0,0,,,,,,
87,79,3,157.375,0.6875,0.25,3.908854167,3.658854167,0.291666667,0.25,0.0,3.658854167,0,0,0,0.703098245,key-release-grid,ChopinEtudes_op_10_5,RH,ChopinEtudes_op_10_5:RH:87:157.375000:3,medium,,,ambiguous-candidate,external,P1,1,160.0,0.166666667,0,0,,,,,,
87,79,3,157.375,0.6875,0.25,3.908854167,3.658854167,0.291666667,0.291666667,0.041666667,3.6171875,0,0,1,0.667288186,next-voice-onset,ChopinEtudes_op_10_5,RH,ChopinEtudes_op_10_5:RH:87:157.375000:3,medium,,,ambiguous-candidate,external,P1,1,160.0,0.166666667,0,0,,,,,,
90,88,3,157.375,0.6875,0.25,3.908854167,3.658854167,0.291666667,0.25,0.0,3.658854167,0,0,0,0.703098245,key-release-grid,ChopinEtudes_op_10_5,RH,ChopinEtudes_op_10_5:RH:90:157.375000:3,medium,,,ambiguous-candidate,external,P1,1,160.0,0.166666667,0,0,,,,,,
90,88,3,157.375,0.6875,0.25,3.908854167,3.658854167,0.291666667,0.291666667,0.041666667,3.6171875,0,0,1,0.667288186,next-voice-onset,ChopinEtudes_op_10_5,RH,ChopinEtudes_op_10_5:RH:90:157.375000:3,medium,,,ambiguous-candidate,external,P1,1,160.0,0.166666667,0,0,,,,,,
66,69,2,157.5,0.75,0.125,3.783854167,3.658854167,0.166666667,0.125,0.0,3.658854167,0,0,0,0.703098245,key-release-grid,ChopinEtudes_op_10_5,RH,ChopinEtudes_op_10_5:RH:66:157.500000:2,medium,,,ambiguous-candidate,external,P1,5,160.166666667,0.166666667,0,0,,,,,,
66,69,2,157.5,0.75,0.125,3.783854167,3.658854167,0.166666667,0.166666667,0.041666667,3.6171875,0,0,1,0.667288186,next-voice-onset,ChopinEtudes_op_10_5,RH,ChopinEtudes_op_10_5:RH:66:157.500000:2,medium,,,ambiguous-candidate,external,P1,5,160.166666667,0.166666667,0,0,,,,,,
85,78,2,157.5,0.75,0.125,3.783854167,3.658854167,0.166666667,0.125,0.0,3.658854167,0,0,0,0.703098245,key-release-grid,ChopinEtudes_op_10_5,RH,ChopinEtudes_op_10_5:RH:85:157.500000:2,medium,,,ambiguous-candidate,external,P1,1,160.166666667,0.166666667,0,0,,,,,,
85,78,2,157.5,0.75,0.125,3.783854167,3.658854167,0.166666667,0.166666667,0.041666667,3.6171875,0,0,1,0.667288186,next-voice-onset,ChopinEtudes_op_10_5,RH,ChopinEtudes_op_10_5:RH:85:157.500000:2,medium,,,ambiguous-candidate,external,P1,1,160.166666667,0.166666667,0,0,,,,,,
73,76,2,157.666666667,0.833333333,0.125,3.6171875,3.4921875,0.208333333,0.125,0.0,3.4921875,0,0,0,0.703784205,key-release-grid,ChopinEtudes_op_10_5,RH,ChopinEtudes_op_10_5:RH:73:157.666667:2,medium,,,ambiguous-candidate,external,P1,5,160.333333333,0.166666667,0,0,,,,,,
73,76,2,157.666666667,0.833333333,0.125,3.6171875,3.4921875,0.208333333,0.208333333,0.083333333,3.408854167,0,0,1,0.616719402,next-voice-onset,ChopinEtudes_op_10_5,RH,ChopinEtudes_op_10_5:RH:73:157.666667:2,medium,,,ambiguous-candidate,external,P1,5,160.333333333,0.166666667,0,0,,,,,,
82,77,3,157.666666667,0.833333333,0.125,3.6171875,3.4921875,0.208333333,0.125,0.0,3.4921875,0,0,0,0.703784205,key-release-grid,ChopinEtudes_op_10_5,RH,ChopinEtudes_op_10_5:RH:82:157.666667:3,medium,,,ambiguous-candidate,external,P1,1,160.333333333,0.166666667,0,0,,,,,,
82,77,3,157.666666667,0.833333333,0.125,3.6171875,3.4921875,0.208333333,0.208333333,0.083333333,3.408854167,0,0,1,0.616719402,next-voice-onset,ChopinEtudes_op_10_5,RH,ChopinEtudes_op_10_5:RH:82:157.666667:3,medium,,,ambiguous-candidate,external,P1,1,160.333333333,0.166666667,0,0,,,,,,
61,82,2,157.875,0.9375,0.125,3.408854167,3.283854167,0.125,0.125,0.0,3.283854167,0,1,1,0.764859016,barline+key-release-grid+next-voice-onset,ChopinEtudes_op_10_5,RH,ChopinEtudes_op_10_5:RH:61:157.875000:2,medium,1,reference-score,labeled,external,P1,5,160.5,0.166666667,0,0,,,,,,
90,80,3,157.875,0.9375,0.25,3.408854167,3.158854167,0.25,0.25,0.0,3.158854167,1,0,1,0.683387074,key-release-grid+next-voice-onset,ChopinEtudes_op_10_5,RH,ChopinEtudes_op_10_5:RH:90:157.875000:3,medium,,,ambiguous-candidate,external,P1,1,160.5,0.166666667,0,0,,,,,,
90,80,3,157.875,0.9375,0.25,3.408854167,3.158854167,0.25,0.125,0.125,3.283854167,0,1,0,0.590019564,barline,ChopinEtudes_op_10_5,RH,ChopinEtudes_op_10_5:RH:90:157.875000:3,medium,,,ambiguous-candidate,external,P1,1,160.5,0.166666667,0,0,,,,,,
94,83,3,157.875,0.9375,0.25,3.408854167,3.158854167,0.25,0.25,0.0,3.158854167,1,0,1,0.683387074,key-release-grid+next-voice-onset,ChopinEtudes_op_10_5,RH,ChopinEtudes_op_10_5:RH:94:157.875000:3,medium,,,ambiguous-candidate,external,P1,1,160.5,0.166666667,0,0,,,,,,
94,83,3,157.875,0.9375,0.25,3.408854167,3.158854167,0.25,0.125,0.125,3.283854167,0,1,0,0.590019564,barline,ChopinEtudes_op_10_5,RH,ChopinEtudes_op_10_5:RH:94:157.875000:3,medium,,,ambiguous-candidate,external,P1,1,160.5,0.166666667,0,0,,,,,,
87,82,1,158.0,0.0,0.25,3.283854167,3.033854167,0.333333333,0.25,0.0,3.033854167,0,0,0,0.706558985,key-release-grid,ChopinEtudes_op_10_5,RH,ChopinEtudes_op_10_5:RH:87:158.000000:1,medium,1,reference-score,labeled,external,P1,1,160.666666667,0.166666667,0,0,,,,,,
87,82,1,158.0,0.0,0.25,3.283854167,3.033854167,0.333333333,0.333333333,0.083333333,2.950520834,0,0,1,0.619786008,key-release-grid+next-voice-onset,ChopinEtudes_op_10_5,RH,ChopinEtudes_op_10_5:RH:87:158.000000:1,medium,0,reference-score,labeled,external,P1,1,160.666666667,0.166666667,0,0,,,,,,
70,81,2,158.0,0.0,0.125,3.283854167,3.158854167,0.333333333,0.125,0.0,3.158854167,0,0,0,0.705645371,key-release-grid,ChopinEtudes_op_10_5,RH,ChopinEtudes_op_10_5:RH:70:158.000000:2,medium,1,reference-score,labeled,external,P1,5,160.666666667,0.166666667,0,0,,,,,,
70,81,2,158.0,0.0,0.125,3.283854167,3.158854167,0.333333333,0.333333333,0.208333333,2.950520834,0,0,1,0.488717241,next-voice-onset,ChopinEtudes_op_10_5,RH,ChopinEtudes_op_10_5:RH:70:158.000000:2,medium,0,reference-score,labeled,external,P1,5,160.666666667,0.166666667,0,0,,,,,,
85,92,3,158.125,0.0625,0.125,3.158854167,3.033854167,0.125,0.125,0.0,3.033854167,0,0,1,0.726558985,key-release-grid+next-voice-onset,ChopinEtudes_op_10_5,RH,ChopinEtudes_op_10_5:RH:85:158.125000:3,medium,1,reference-score,labeled,external,P1,1,160.833333333,0.166666667,0,0,,,,,,
78,77,3,158.25,0.125,0.125,3.033854167,2.908854167,0.25,0.125,0.0,2.908854167,0,0,0,0.707620454,key-release-grid,ChopinEtudes_op_10_5,RH,ChopinEtudes_op_10_5:RH:78:158.250000:3,medium,,,ambiguous-candidate,external,P1,5,160.833333333,0.166666667,0,0,,,,,,
78,77,3,158.25,0.125,0.125,3.033854167,2.908854167,0.25,0.25,0.125,2.783854167,0,0,1,0.574014252,next-voice-onset,ChopinEtudes_op_10_5,RH,ChopinEtudes_op_10_5:RH:78:158.250000:3,medium,,,ambiguous-candidate,external,P1,5,160.833333333,0.166666667,0,0,,,,,,
87,81,1,158.333333333,0.166666667,0.125,2.950520833,2.825520833,0.166666667,0.125,0.0,2.825520833,0,0,0,0.708421904,key-release-grid,ChopinEtudes_op_10_5,RH,ChopinEtudes_op_10_5:RH:87:158.333333:1,medium,,,ambiguous-candidate,external,P1,1,161.0,0.166666667,0,0,,,,,,
87,81,1,158.333333333,0.166666667,0.125,2.950520833,2.825520833,0.166666667,0.166666667,0.041666667,2.783854166,0,0,1,0.672884794,next-voice-onset,ChopinEtudes_op_10_5,RH,ChopinEtudes_op_10_5:RH:87:158.333333:1,medium,,,ambiguous-candidate,external,P1,1,161.0,0.166666667,0,0,,,,,,
66,81,2,158.333333333,0.166666667,0.25,2.950520833,2.700520833,0.541666667,0.25,0.0,2.700520833,0,0,0,0.709784856,key-release-grid,ChopinEtudes_op_10_5,RH,ChopinEtudes_op_10_5:RH:66:158.333333:2,medium,1,reference-score,labeled,external,P1,5,161.0,0.166666667,0,0,,,,,,
66,81,2,158.333333333,0.166666667,0.25,2.950520833,2.700520833,0.541666667,0.333333333,0.083333333,2.6171875,0,0,0,0.603351146,key-release-grid,ChopinEtudes_op_10_5,RH,ChopinEtudes_op_10_5:RH:66:158.333333:2,medium,0,reference-score,labeled,external,P1,5,161.0,0.166666667,0,0,,,,,,
66,81,2,158.333333333,0.166666667,0.25,2.950520833,2.700520833,0.541666667,0.541666667,0.291666667,2.408854166,0,0,1,0.424509974,next-voice-onset,ChopinEtudes_op_10_5,RH,ChopinEtudes_op_10_5:RH:66:158.333333:2,medium,0,reference-score,labeled,external,P1,5,161.0,0.166666667,0,0,,,,,,
90,75,2,158.333333333,0.166666667,0.25,2.950520833,2.700520833,0.541666667,0.25,0.0,2.700520833,0,0,0,0.709784856,key-release-grid,ChopinEtudes_op_10_5,RH,ChopinEtudes_op_10_5:RH:90:158.333333:2,medium,1,reference-score,labeled,external,P1,1,161.0,0.166666667,0,0,,,,,,
90,75,2,158.333333333,0.166666667,0.25,2.950520833,2.700520833,0.541666667,0.333333333,0.083333333,2.6171875,0,0,0,0.603351146,key-release-grid,ChopinEtudes_op_10_5,RH,ChopinEtudes_op_10_5:RH:90:158.333333:2,medium,0,reference-score,labeled,external,P1,1,161.0,0.166666667,0,0,,,,,,
90,75,2,158.333333333,0.166666667,0.25,2.950520833,2.700520833,0.541666667,0.541666667,0.291666667,2.408854166,0,0,1,0.424509974,next-voice-onset,ChopinEtudes_op_10_5,RH,ChopinEtudes_op_10_5:RH:90:158.333333:2,medium,0,reference-score,labeled,external,P1,1,161.0,0.166666667,0,0,,,,,,
85,82,1,158.5,0.25,0.125,2.783854167,2.658854167,0.125,0.125,0.0,2.658854167,0,0,1,0.730286537,key-release-grid+next-voice-onset,ChopinEtudes_op_10_5,RH,ChopinEtudes_op_10_5:RH:85:158.500000:1,medium,1,reference-score,labeled,external,P1,1,161.166666667,0.166666667,0,0,,,,,,
70,71,3,158.5,0.25,0.25,2.783854167,2.533854167,0.5,0.25,0.0,2.533854167,0,0,0,0.711951251,key-release-grid,ChopinEtudes_op_10_5,RH,ChopinEtudes_op_10_5:RH:70:158.500000:3,medium,1,reference-score,labeled,external,P1,5,161.166666667,0.166666667,0,0,,,,,,
70,71,3,158.5,0.25,0.25,2.783854167,2.533854167,0.5,0.333333333,0.083333333,2.450520834,0,0,0,0.605745382,key-release-grid,ChopinEtudes_op_10_5,RH,ChopinEtudes_op_10_5:RH:70:158.500000:3,medium,0,reference-score,labeled,external,P1,5,161.166666667,0.166666667,0,0,,,,,,
70,71,3,158.5,0.25,0.25,2.783854167,2.533854167,0.5,0.5,0.25,2.283854167,0,0,1,0.460703963,next-voice-onset,ChopinEtudes_op_10_5,RH,ChopinEtudes_op_10_5:RH:70:158.500000:3,medium,0,reference-score,labeled,external,P1,5,161.166666667,0.166666667,0,0,,,,,,
78,77,1,158.625,0.3125,0.125,2.658854167,2.533854167,0.25,0.125,0.0,2.533854167,0,0,0,0.711951251,key-release-grid,ChopinEtudes_op_10_5,RH,ChopinEtudes_op_10_5:RH:78:158.625000:1,medium,,,ambiguous-candidate,external,P1,5,161.333333333,0.166666667,0,0,,,,,,
78,77,1,158.625,0.3125,0.125,2.658854167,2.533854167,0.25,0.25,0.125,2.408854167,0,0,1,0.57904592,next-voice-onset,ChopinEtudes_op_10_5,RH,ChopinEtudes_op_10_5:RH:78:158.625000:1,medium,,,ambiguous-candidate,external,P1,5,161.333333333,0.166666667,0,0,,,,,,
82,82,1,158.625,0.3125,0.125,2.658854167,2.533854167,0.25,0.125,0.0,2.533854167,0,0,0,0.711951251,key-release-grid,ChopinEtudes_op_10_5,RH,ChopinEtudes_op_10_5:RH:82:158.625000:1,medium,,,ambiguous-candidate,external,P1,1,161.333333333,0.166666667,0,0,,,,,,
82,82,1,158.625,0.3125,0.125,2.658854167,2.533854167,0.25,0.25,0.125,2.408854167,0,0,1,0.57904592,next-voice-onset,ChopinEtudes_op_10_5,RH,ChopinEtudes_op_10_5:RH:82:158.625000:1,medium,,,ambiguous-candidate,external,P1,1,161.333333333,0.166666667,0,0,,,,,,
90,79,1,158.875,0.4375,0.25,2.408854167,2.158854167,0.25,0.25,0.0,2.158854167,0,0,1,0.738743292,key-release-grid+next-voice-onset,ChopinEtudes_op_10_5,RH,ChopinEtudes_op_10_5:RH:90:158.875000:1,medium,1,reference-score,labeled,external,P1,1,161.5,0.166666667,0,0,,,,,,
94,80,1,158.875,0.4375,0.25,2.408854167,2.158854167,0.25,0.25,0.0,2.158854167,0,0,1,0.738743292,key-release-grid+next-voice-onset,ChopinEtudes_op_10_5,RH,ChopinEtudes_op_10_5:RH:94:158.875000:1,medium,1,reference-score,labeled,external,P1,1,161.5,0.166666667,0,0,,,,,,
61,86,2,158.875,0.4375,0.125,2.408854167,2.283854167,0.125,0.125,0.0,2.283854167,0,0,1,0.736132501,key-release-grid+next-voice-onset,ChopinEtudes_op_10_5,RH,ChopinEtudes_op_10_5:RH:61:158.875000:2,medium,1,reference-score,labeled,external,P1,5,161.5,0.166666667,0,0,,,,,,
87,82,2,159.0,0.5,0.25,2.283854167,2.033854167,0.333333333,0.25,0.0,2.033854167,0,0,0,0.721776598,key-release-grid,ChopinEtudes_op_10_5,RH,ChopinEtudes_op_10_5:RH:87:159.000000:2,medium,1,reference-score,labeled,external,P1,1,161.666666667,0.166666667,0,0,,,,,,
87,82,2,159.0,0.5,0.25,2.283854167,2.033854167,0.333333333,0.333333333,0.083333333,1.950520834,0,0,1,0.636604071,key-release-grid+next-voice-onset,ChopinEtudes_op_10_5,RH,ChopinEtudes_op_10_5:RH:87:159.000000:2,medium,0,reference-score,labeled,external,P1,1,161.666666667,0.166666667,0,0,,,,,,
70,79,3,159.0,0.5,0.125,2.283854167,2.158854167,0.125,0.125,0.0,2.158854167,0,0,1,0.738743292,key-release-grid+next-voice-onset,ChopinEtudes_op_10_5,RH,ChopinEtudes_op_10_5:RH:70:159.000000:3,medium,1,reference-score,labeled,external,P1,5,161.666666667,0.166666667,0,0,,,,,,
85,79,1,159.125,0.5625,0.125,2.158854167,2.033854167,0.375,0.125,0.0,2.033854167,0,0,0,0.721776598,key-release-grid,ChopinEtudes_op_10_5,RH,ChopinEtudes_op_10_5:RH:85:159.125000:1,medium,1,reference-score,labeled,external,P1,1,161.833333333,0.166666667,0,0,,,,,,
85,79,1,159.125,0.5625,0.125,2.158854167,2.033854167,0.375,0.375,0.25,1.783854167,0,0,1,0.473966795,next-voice-onset,ChopinEtudes_op_10_5,RH,ChopinEtudes_op_10_5:RH:85:159.125000:1,medium,0,reference-score,labeled,external,P1,1,161.833333333,0.166666667,0,0,,,,,,
78,73,3,159.125,0.5625,0.125,2.158854167,2.033854167,0.208333333,0.125,0.0,2.033854167,0,0,0,0.721776598,key-release-grid,ChopinEtudes_op_10_5,RH,ChopinEtudes_op_10_5:RH:78:159.125000:3,medium,,,ambiguous-candidate,external,P1,5,161.833333333,0.166666667,0,0,,,,,,
78,73,3,159.125,0.5625,0.125,2.158854167,2.033854167,0.208333333,0.208333333,0.083333333,1.950520834,0,0,1,0.636604071,next-voice-onset,ChopinEtudes_op_10_5,RH,ChopinEtudes_op_10_5:RH:78:159.125000:3,medium,,,ambiguous-candidate,external,P1,5,161.833333333,0.166666667,0,0,,,,,,
87,81,2,159.333333333,0.666666667,0.25,1.950520833,1.700520833,0.541666667,0.25,0.0,1.700520833,0,0,0,0.732486867,key-release-grid,ChopinEtudes_op_10_5,RH,ChopinEtudes_op_10_5:RH:87:159.333333:2,medium,1,reference-score,labeled,external,P1,1,162.0,0.166666667,0,0,,,,,,
87,81,2,159.333333333,0.666666667,0.25,1.950520833,1.700520833,0.541666667,0.333333333,0.083333333,1.6171875,0,0,0,0.628440749,key-release-grid,ChopinEtudes_op_10_5,RH,ChopinEtudes_op_10_5:RH:87:159.333333:2,medium,0,reference-score,labeled,external,P1,1,162.0,0.166666667,0,0,,,,,,
87,81,2,159.333333333,0.666666667,0.25,1.950520833,1.700520833,0.541666667,0.541666667,0.291666667,1.408854166,0,0,1,0.456725661,next-voice-onset,ChopinEtudes_op_10_5,RH,ChopinEtudes_op_10_5:RH:87:159.333333:2,medium,0,reference-score,labeled,external,P1,1,162.0,0.166666667,0,0,,,,,,
90,72,2,159.333333333,0.666666667,0.25,1.950520833,1.700520833,0.541666667,0.25,0.0,1.700520833,0,0,0,0.732486867,key-release-grid,ChopinEtudes_op_10_5,RH,ChopinEtudes_op_10_5:RH:90:159.333333:2,medium,1,reference-score,labeled,external,P1,1,162.0,0.166666667,0,0,,,,,,
90,72,2,159.333333333,0.666666667,0.25,1.950520833,1.700520833,0.541666667,0.333333333,0.083333333,1.6171875,0,0,0,0.628440749,key-release-grid,ChopinEtudes_op_10_5,RH,ChopinEtudes_op_10_5:RH:90:159.333333:2,medium,0,reference-score,labeled,external,P1,1,162.0,0.166666667,0,0,,,,,,
90,72,2,159.333333333,0.666666667,0.25,1.950520833,1.700520833,0.541666667,0.541666667,0.291666667,1.408854166,0,0,1,0.456725661,next-voice-onset,ChopinEtudes_op_10_5,RH,ChopinEtudes_op_10_5:RH:90:159.333333:2,medium,0,reference-score,labeled,external,P1,1,162.0,0.166666667,0,0,,,,,,
66,78,3,159.333333333,0.666666667,0.25,1.950520833,1.700520833,0.541666667,0.25,0.0,1.700520833,0,0,0,0.732486867,key-release-grid,ChopinEtudes_op_10_5,RH,ChopinEtudes_op_10_5:RH:66:159.333333:3,medium,1,reference-score,labeled,external,P1,5,162.0,0.166666667,0,0,,,,,,
66,78,3,159.333333333,0.666666667,0.25,1.950520833,1.700520833,0.541666667,0.333333333,0.083333333,1.6171875,0,0,0,0.628440749,key-release-grid,ChopinEtudes_op_10_5,RH,ChopinEtudes_op_10_5:RH:66:159.333333:3,medium,0,reference-score,labeled,external,P1,5,162.0,0.166666667,0,0,,,,,,
66,78,3,159.333333333,0.666666667,0.25,1.950520833,1.700520833,0.541666667,0.541666667,0.291666667,1.408854166,0,0,1,0.456725661,next-voice-onset,ChopinEtudes_op_10_5,RH,ChopinEtudes_op_10_5:RH:66:159.333333:3,medium,0,reference-score,labeled,external,P1,5,162.0,0.166666667,0,0,,,,,,
70,70,1,159.5,0.75,0.25,1.783854167,1.533854167,0.5,0.25,0.0,1.533854167,0,0,0,0.739679549,key-release-grid,ChopinEtudes_op_10_5,RH,ChopinEtudes_op_10_5:RH:70:159.500000:1,medium,1,reference-score,labeled,external,P1,5,162.166666667,0.166666667,0,0,,,,,,
70,70,1,159.5,0.75,0.25,1.783854167,1.533854167,0.5,0.333333333,0.083333333,1.450520834,0,0,0,0.636389891,key-release-grid,ChopinEtudes_op_10_5,RH,ChopinEtudes_op_10_5:RH:70:159.500000:1,medium,0,reference-score,labeled,external,P1,5,162.166666667,0.166666667,0,0,,,,,,
70,70,1,159.5,0.75,0.25,1.783854167,1.533854167,0.5,0.5,0.25,1.283854167,0,1,1,0.538133251,barline+next-voice-onset,ChopinEtudes_op_10_5,RH,ChopinEtudes_op_10_5:RH:70:159.500000:1,medium,0,reference-score,labeled,external,P1,5,162.166666667,0.166666667,0,0,,,,,,
85,80,4,159.5,0.75,0.125,1.783854167,1.658854167,0.125,0.125,0.0,1.658854167,0,0,1,0.754152504,key-release-grid+next-voice-onset,ChopinEtudes_op_10_5,RH,ChopinEtudes_op_10_5:RH:85:159.500000:4,medium,1,reference-score,labeled,external,P1,1,162.166666667,0.166666667,0,0,,,,,,
78,75,4,159.625,0.8125,0.125,1.658854167,1.533854167,0.25,0.125,0.0,1.533854167,0,0,0,0.739679549,key-release-grid,ChopinEtudes_op_10_5,RH,ChopinEtudes_op_10_5:RH:78:159.625000:4,medium,,,ambiguous-candidate,external,P1,5,162.333333333,0.166666667,0,0,,,,,,
78,75,4,159.625,0.8125,0.125,1.658854167,1.533854167,0.25,0.25,0.125,1.408854167,0,0,1,0.611261607,next-voice-onset,ChopinEtudes_op_10_5,RH,ChopinEtudes_op_10_5:RH:78:159.625000:4,medium,,,ambiguous-candidate,external,P1,5,162.333333333,0.166666667,0,0,,,,,,
82,81,4,159.625,0.8125,0.125,1.658854167,1.533854167,0.25,0.125,0.0,1.533854167,0,0,0,0.739679549,key-release-grid,ChopinEtudes_op_10_5,RH,ChopinEtudes_op_10_5:RH:82:159.625000:4,medium,,,ambiguous-candidate,external,P1,1,162.333333333,0.166666667,0,0,,,,,,
82,81,4,159.625,0.8125,0.125,1.658854167,1.533854167,0.25,0.25,0.125,1.408854167,0,0,1,0.611261607,next-voice-onset,ChopinEtudes_op_10_5,RH,ChopinEtudes_op_10_5:RH:82:159.625000:4,medium,,,ambiguous-candidate,external,P1,1,162.333333333,0.166666667,0,0,,,,,,
90,85,2,159.875,0.9375,0.25,1.408854167,1.158854167,0.25,0.25,0.0,1.158854167,1,0,1,0.736676396,key-release-grid+next-voice-onset,ChopinEtudes_op_10_5,RH,ChopinEtudes_op_10_5:RH:90:159.875000:2,medium,,,ambiguous-candidate,external,P1,1,162.5,0.166666667,0,0,,,,,,
90,85,2,159.875,0.9375,0.25,1.408854167,1.158854167,0.25,0.125,0.125,1.283854167,0,1,0,0.638722337,barline,ChopinEtudes_op_10_5,RH,ChopinEtudes_op_10_5:RH:90:159.875000:2,medium,,,ambiguous-candidate,external,P1,1,162.5,0.166666667,0,0,,,,,,
94,82,2,159.875,0.9375,0.25,1.408854167,1.158854167,0.25,0.25,0.0,1.158854167,1,0,1,0.736676396,key-release-grid+next-voice-onset,ChopinEtudes_op_10_5,RH,ChopinEtudes_op_10_5:RH:94:159.875000:2,medium,,,ambiguous-candidate,external,P1,1,162.5,0.166666667,0,0,,,,,,
94,82,2,159.875,0.9375,0.25,1.408854167,1.158854167,0.25,0.125,0.125,1.283854167,0,1,0,0.638722337,barline,ChopinEtudes_op_10_5,RH,ChopinEtudes_op_10_5:RH:94:159.875000:2,medium,,,ambiguous-candidate,external,P1,1,162.5,0.166666667,0,0,,,,,,
61,84,3,159.875,0.9375,0.125,1.408854167,1.283854167,0.458333333,0.125,0.0,1.283854167,0,1,0,0.793561789,barline+key-release-grid,ChopinEtudes_op_10_5,RH,ChopinEtudes_op_10_5:RH:61:159.875000:3,medium,1,reference-score,labeled,external,P1,5,162.5,0.166666667,0,0,,,,,,
61,84,3,159.875,0.9375,0.125,1.408854167,1.283854167,0.458333333,0.458333333,0.333333333,0.950520834,1,0,1,0.43254942,next-voice-onset,ChopinEtudes_op_10_5,RH,ChopinEtudes_op_10_5:RH:61:159.875000:3,medium,0,reference-score,labeled,external,P1,5,162.5,0.166666667,0,0,,,,,,
78,19,4,159.875,0.9375,0.125,1.408854167,1.283854167,0.125,0.125,0.0,1.283854167,0,1,1,0.813561789,barline+key-release-grid+next-voice-onset,ChopinEtudes_op_10_5,RH,ChopinEtudes_op_10_5:RH:78:159.875000:4,medium,,,unmatched,external,,,,,,,,,,,,
70,79,1,160.0,0.0,0.125,1.283854167,1.158854167,0.125,0.125,0.0,1.158854167,0,0,1,0.78222992,key-release-grid+next-voice-onset,ChopinEtudes_op_10_5,RH,ChopinEtudes_op_10_5:RH:70:160.000000:1,medium,1,reference-score,labeled,external,P1,5,162.666666667,0.166666667,0,0,,,,,,
92,22,1,160.0,0.0,0.125,1.283854167,1.158854167,0.125,0.125,0.0,1.158854167,0,0,1,0.78222992,key-release-grid+next-voice-onset,ChopinEtudes_op_10_5,RH,ChopinEtudes_op_10_5:RH:92:160.000000:1,medium,,,unmatched,external,,,,,,,,,,,,
87,79,4,160.0,0.0,0.25,1.283854167,1.033854167,0.333333333,0.25,0.0,1.033854167,0,0,0,0.772300852,key-release-grid,ChopinEtudes_op_10_5,RH,ChopinEtudes_op_10_5:RH:87:160.000000:4,medium,1,reference-score,labeled,external,P1,1,162.666666667,0.166666667,0,0,,,,,,
87,79,4,160.0,0.0,0.25,1.283854167,1.033854167,0.333333333,0.333333333,0.083333333,0.950520834,0,0,1,0.692442007,key-release-grid+next-voice-onset,ChopinEtudes_op_10_5,RH,ChopinEtudes_op_10_5:RH:87:160.000000:4,medium,0,reference-score,labeled,external,P1,1,162.666666667,0.166666667,0,0,,,,,,
78,89,1,160.125,0.0625,0.125,1.158854167,1.033854167,0.375,0.125,0.0,1.033854167,0,0,0,0.772300852,key-release-grid,ChopinEtudes_op_10_5,RH,ChopinEtudes_op_10_5:RH:78:160.125000:1,medium,1,reference-score,labeled,external,P1,5,162.833333333,0.166666667,0,0,,,,,,
78,89,1,160.125,0.0625,0.125,1.158854167,1.033854167,0.375,0.375,0.25,0.783854167,0,0,1,0.542167404,next-voice-onset,ChopinEtudes_op_10_5,RH,ChopinEtudes_op_10_5:RH:78:160.125000:1,medium,0,reference-score,labeled,external,P1,5,162.833333333,0.166666667,0,0,,,,,,
85,80,2,160.125,0.0625,0.125,1.158854167,1.033854167,0.375,0.125,0.0,1.033854167,0,0,0,0.772300852,key-release-grid,ChopinEtudes_op_10_5,RH,ChopinEtudes_op_10_5:RH:85:160.125000:2,medium,1,reference-score,labeled,external,P1,1,162.833333333,0.166666667,0,0,,,,,,
85,80,2,160.125,0.0625,0.125,1.158854167,1.033854167,0.375,0.375,0.25,0.783854167,0,0,1,0.542167404,next-voice-onset,ChopinEtudes_op_10_5,RH,ChopinEtudes_op_10_5:RH:85:160.125000:2,medium,0,reference-score,labeled,external,P1,1,162.833333333,0.166666667,0,0,,,,,,
66,82,3,160.333333333,0.166666667,0.25,0.950520833,0.700520833,0.541666667,0.25,0.0,0.700520833,0,0,0,0.807860197,key-release-grid,ChopinEtudes_op_10_5,RH,ChopinEtudes_op_10_5:RH:66:160.333333:3,medium,1,reference-score,labeled,external,P1,5,163.0,0.166666667,0,0,,,,,,
66,82,3,160.333333333,0.166666667,0.25,0.950520833,0.700520833,0.541666667,0.333333333,0.083333333,0.6171875,0,0,0,0.711741161,key-release-grid,ChopinEtudes_op_10_5,RH,ChopinEtudes_op_10_5:RH:66:160.333333:3,medium,0,reference-score,labeled,external,P1,5,163.0,0.166666667,0,0,,,,,,
66,82,3,160.333333333,0.166666667,0.25,0.950520833,0.700520833,0.541666667,0.541666667,0.291666667,0.408854166,0,0,1,0.563685507,next-voice-onset,ChopinEtudes_op_10_5,RH,ChopinEtudes_op_10_5:RH:66:160.333333:3,medium,0,reference-score,labeled,external,P1,5,163.0,0.166666667,0,0,,,,,,
87,81,4,160.333333333,0.166666667,0.25,0.950520833,0.700520833,0.541666667,0.25,0.0,0.700520833,0,0,0,0.807860197,key-release-grid,ChopinEtudes_op_10_5,RH,ChopinEtudes_op_10_5:RH:87:160.333333:4,medium,1,reference-score,labeled,external,P1,1,163.0,0.166666667,0,0,,,,,,
87,81,4,160.333333333,0.166666667,0.25,0.950520833,0.700520833,0.541666667,0.333333333,0.083333333,0.6171875,0,0,0,0.711741161,key-release-grid,ChopinEtudes_op_10_5,RH,ChopinEtudes_op_10_5:RH:87:160.333333:4,medium,0,reference-score,labeled,external,P1,1,163.0,0.166666667,0,0,,,,,,
87,81,4,160.333333333,0.166666667,0.25,0.950520833,0.700520833,0.541666667,0.541666667,0.291666667,0.408854166,0,0,1,0.563685507,next-voice-onset,ChopinEtudes_op_10_5,RH,ChopinEtudes_op_10_5:RH:87:160.333333:4,medium,0,reference-score,labeled,external,P1,1,163.0,0.166666667,0,0,,,,,,
90,75,4,160.333333333,0.166666667,0.25,0.950520833,0.700520833,0.541666667,0.25,0.0,0.700520833,0,0,0,0.807860197,key-release-grid,ChopinEtudes_op_10_5,RH,ChopinEtudes_op_10_5:RH:90:160.333333:4,medium,1,reference-score,labeled,external,P1,1,163.0,0.166666667,0,0,,,,,,
90,75,4,160.333333333,0.166666667,0.25,0.950520833,0.700520833,0.541666667,0.333333333,0.083333333,0.6171875,0,0,0,0.711741161,key-release-grid,ChopinEtudes_op_10_5,RH,ChopinEtudes_op_10_5:RH:90:160.333333:4,medium,0,reference-score,labeled,external,P1,1,163.0,0.166666667,0,0,,,,,,
90,75,4,160.333333333,0.166666667,0.25,0.950520833,0.700520833,0.541666667,0.541666667,0.291666667,0.408854166,0,0,1,0.563685507,next-voice-onset,ChopinEtudes_op_10_5,RH,ChopinEtudes_op_10_5:RH:90:160.333333:4,medium,0,reference-score,labeled,external,P1,1,163.0,0.166666667,0,0,,,,,,
70,77,1,160.5,0.25,0.125,0.783854167,0.658854167,0.5,0.125,0.0,0.658854167,0,0,0,0.813390308,key-release-grid,ChopinEtudes_op_10_5,RH,ChopinEtudes_op_10_5:RH:70:160.500000:1,medium,1,reference-score,labeled,external,P1,5,163.166666667,0.166666667,0,0,,,,,,
70,77,1,160.5,0.25,0.125,0.783854167,0.658854167,0.5,0.5,0.375,0.283854167,0,0,1,0.528487988,next-voice-onset,ChopinEtudes_op_10_5,RH,ChopinEtudes_op_10_5:RH:70:160.500000:1,medium,0,reference-score,labeled,external,P1,5,163.166666667,0.166666667,0,0,,,,,,
85,79,2,160.5,0.25,0.125,0.783854167,0.658854167,0.166666667,0.125,0.0,0.658854167,0,0,0,0.813390308,key-release-grid,ChopinEtudes_op_10_5,RH,ChopinEtudes_op_10_5:RH:85:160.500000:2,medium,,,ambiguous-candidate,external,P1,1,163.166666667,0.166666667,0,0,,,,,,
85,79,2,160.5,0.25,0.125,0.783854167,0.658854167,0.166666667,0.166666667,0.041666667,0.6171875,0,0,1,0.783235043,next-voice-onset,ChopinEtudes_op_10_5,RH,ChopinEtudes_op_10_5:RH:85:160.500000:2,medium,,,ambiguous-candidate,external,P1,1,163.166666667,0.166666667,0,0,,,,,,
78,74,2,160.666666667,0.333333333,0.125,0.6171875,0.4921875,0.333333333,0.125,0.0,0.4921875,0,0,0,0.838495235,key-release-grid,ChopinEtudes_op_10_5,RH,ChopinEtudes_op_10_5:RH:78:160.666667:2,medium,1,reference-score,labeled,external,P1,5,163.333333333,0.166666667,0,0,,,,,,
78,74,2,160.666666667,0.333333333,0.125,0.6171875,0.4921875,0.333333333,0.333333333,0.208333333,0.283854167,0,0,1,0.659299843,next-voice-onset,ChopinEtudes_op_10_5,RH,ChopinEtudes_op_10_5:RH:78:160.666667:2,medium,0,reference-score,labeled,external,P1,5,163.333333333,0.166666667,0,0,,,,,,
82,81,2,160.666666667,0.333333333,0.125,0.6171875,0.4921875,0.333333333,0.125,0.0,0.4921875,0,0,0,0.838495235,key-release-grid,ChopinEtudes_op_10_5,RH,ChopinEtudes_op_10_5:RH:82:160.666667:2,medium,1,reference-score,labeled,external,P1,1,163.333333333,0.166666667,0,0,,,,,,
82,81,2,160.666666667,0.333333333,0.125,0.6171875,0.4921875,0.333333333,0.333333333,0.208333333,0.283854167,0,0,1,0.659299843,next-voice-onset,ChopinEtudes_op_10_5,RH,ChopinEtudes_op_10_5:RH:82:160.666667:2,medium,0,reference-score,labeled,external,P1,1,163.333333333,0.166666667,0,0,,,,,,
61,84,3,160.875,0.4375,0.125,0.408854167,0.283854167,0.5,0.125,0.0,0.283854167,0,0,0,0.877831401,key-release-grid,ChopinEtudes_op_10_5,RH,ChopinEtudes_op_10_5:RH:61:160.875000:3,medium,1,reference-score,labeled,external,P1,5,163.5,0.166666667,0,0,,,,,,
61,84,3,160.875,0.4375,0.125,0.408854167,0.283854167,0.5,0.333333333,0.208333333,0.075520834,0,0,0,0.68980848,pedal-acoustic-grid,ChopinEtudes_op_10_5,RH,ChopinEtudes_op_10_5:RH:61:160.875000:3,medium,0,reference-score,labeled,external,P1,5,163.5,0.166666667,0,0,,,,,,
61,84,3,160.875,0.4375,0.125,0.408854167,0.283854167,0.5,0.375,0.25,0.033854167,0,0,0,0.664618745,pedal-acoustic-grid,ChopinEtudes_op_10_5,RH,ChopinEtudes_op_10_5:RH:61:160.875000:3,medium,0,reference-score,labeled,external,P1,5,163.5,0.166666667,0,0,,,,,,
61,84,3,160.875,0.4375,0.125,0.408854167,0.283854167,0.5,0.5,0.375,0.091145833,0,0,1,0.574755139,next-voice-onset+pedal-acoustic-grid,ChopinEtudes_op_10_5,RH,ChopinEtudes_op_10_5:RH:61:160.875000:3,medium,0,reference-score,labeled,external,P1,5,163.5,0.166666667,0,0,,,,,,
90,72,4,160.875,0.4375,0.25,0.408854167,0.158854167,0.25,0.25,0.0,0.158854167,0,0,1,0.926610611,key-release-grid+next-voice-onset,ChopinEtudes_op_10_5,RH,ChopinEtudes_op_10_5:RH:90:160.875000:4,normal,1,reference-score,labeled,external,P1,1,163.5,0.166666667,0,0,,,,,,
94,76,4,160.875,0.4375,0.25,0.408854167,0.158854167,0.25,0.25,0.0,0.158854167,0,0,1,0.926610611,key-release-grid+next-voice-onset,ChopinEtudes_op_10_5,RH,ChopinEtudes_op_10_5:RH:94:160.875000:4,normal,1,reference-score,labeled,external,P1,1,163.5,0.166666667,0,0,,,,,,
70,81,1,161.0,0.5,0.333333333,0.333333333,0.0,0.333333333,0.333333333,0.0,0.0,0,0,1,0.97,key-release-grid+next-voice-onset+pedal-acoustic-grid,ChopinEtudes_op_10_5,RH,ChopinEtudes_op_10_5:RH:70:161.000000:1,normal,0,reference-score,labeled,external,P1,5,163.666666667,0.166666667,0,0,,,,,,
70,81,1,161.0,0.5,0.333333333,0.333333333,0.0,0.333333333,0.25,0.083333333,0.083333333,0,0,0,0.818746562,key-release-grid+pedal-acoustic-grid,ChopinEtudes_op_10_5,RH,ChopinEtudes_op_10_5:RH:70:161.000000:1,normal,1,reference-score,labeled,external,P1,5,163.666666667,0.166666667,0,0,,,,,,
87,75,2,161.0,0.5,0.125,0.283854167,0.158854167,0.125,0.125,0.0,0.158854167,0,0,1,0.926610611,key-release-grid+next-voice-onset,ChopinEtudes_op_10_5,RH,ChopinEtudes_op_10_5:RH:87:161.000000:2,normal,1,reference-score,labeled,external,P1,1,163.666666667,0.166666667,0,0,,,,,,
78,85,2,161.125,0.5625,0.125,0.158854167,0.033854167,0.541666667,0.125,0.0,0.033854167,0,0,0,0.940047283,key-release-grid+pedal-acoustic-grid,ChopinEtudes_op_10_5,RH,ChopinEtudes_op_10_5:RH:78:161.125000:2,normal,,,ambiguous-candidate,external,P1,5,163.833333333,0.166666667,0,0,,,,,,
78,85,2,161.125,0.5625,0.125,0.158854167,0.033854167,0.541666667,0.25,0.125,0.091145833,0,0,0,0.7692591,pedal-acoustic-grid,ChopinEtudes_op_10_5,RH,ChopinEtudes_op_10_5:RH:78:161.125000:2,normal,,,ambiguous-candidate,external,P1,5,163.833333333,0.166666667,0,0,,,,,,
78,85,2,161.125,0.5625,0.125,0.158854167,0.033854167,0.541666667,0.541666667,0.416666667,0.3828125,0,0,1,0.482138326,next-voice-onset,ChopinEtudes_op_10_5,RH,ChopinEtudes_op_10_5:RH:78:161.125000:2,normal,,,ambiguous-candidate,external,P1,5,163.833333333,0.166666667,0,0,,,,,,
85,83,4,161.125,0.5625,0.125,0.158854167,0.033854167,0.208333333,0.125,0.0,0.033854167,0,0,0,0.940047283,key-release-grid+pedal-acoustic-grid,ChopinEtudes_op_10_5,RH,ChopinEtudes_op_10_5:RH:85:161.125000:4,normal,,,ambiguous-candidate,external,P1,1,163.833333333,0.166666667,0,0,,,,,,
85,83,4,161.125,0.5625,0.125,0.158854167,0.033854167,0.208333333,0.208333333,0.083333333,0.049479166,0,0,1,0.848125538,next-voice-onset,ChopinEtudes_op_10_5,RH,ChopinEtudes_op_10_5:RH:85:161.125000:4,normal,,,ambiguous-candidate,external,P1,1,163.833333333,0.166666667,0,0,,,,,,
66,78,1,161.333333333,0.666666667,0.125,2.403645833,2.278645833,0.333333333,0.125,0.0,2.278645833,0,0,0,0.716233645,key-release-grid,ChopinEtudes_op_10_5,RH,ChopinEtudes_op_10_5:RH:66:161.333333:1,medium,1,reference-score,labeled,external,P1,5,164.0,0.166666667,0,0,,,,,,
66,78,1,161.333333333,0.666666667,0.125,2.403645833,2.278645833,0.333333333,0.333333333,0.208333333,2.0703125,0,0,1,0.502312854,next-voice-onset,ChopinEtudes_op_10_5,RH,ChopinEtudes_op_10_5:RH:66:161.333333:1,medium,0,reference-score,labeled,external,P1,5,164.0,0.166666667,0,0,,,,,,
82,96,4,161.333333333,0.666666667,0.125,2.403645833,2.278645833,0.333333333,0.125,0.0,2.278645833,0,0,0,0.716233645,key-release-grid,ChopinEtudes_op_10_5,RH,ChopinEtudes_op_10_5:RH:82:161.333333:4,medium,1,reference-score,labeled,external,P1,1,164.0,0.166666667,0,0,,,,,,
82,96,4,161.333333333,0.666666667,0.125,2.403645833,2.278645833,0.333333333,0.333333333,0.208333333,2.0703125,0,0,1,0.502312854,next-voice-onset,ChopinEtudes_op_10_5,RH,ChopinEtudes_op_10_5:RH:82:161.333333:4,medium,0,reference-score,labeled,external,P1,1,164.0,0.166666667,0,0,,,,,,
90,95,4,161.333333333,0.666666667,0.125,2.403645833,2.278645833,0.333333333,0.125,0.0,2.278645833,0,0,0,0.716233645,key-release-grid,ChopinEtudes_op_10_5,RH,ChopinEtudes_op_10_5:RH:90:161.333333:4,medium,1,reference-score,labeled,external,P1,1,164.0,0.166666667,0,0,,,,,,
90,95,4,161.333333333,0.666666667,0.125,2.403645833,2.278645833,0.333333333,0.333333333,0.208333333,2.0703125,0,0,1,0.502312854,next-voice-onset,ChopinEtudes_op_10_5,RH,ChopinEtudes_op_10_5:RH:90:161.333333:4,medium,0,reference-score,labeled,external,P1,1,164.0,0.166666667,0,0,,,,,,
65,45,3,161.375,0.6875,0.125,2.361979167,2.236979167,0.375,0.125,0.0,2.236979167,0,0,0,0.717065961,key-release-grid,ChopinEtudes_op_10_5,RH,ChopinEtudes_op_10_5:RH:65:161.375000:3,medium,,,unmatched,external,,,,,,,,,,,,
65,45,3,161.375,0.6875,0.125,2.361979167,2.236979167,0.375,0.375,0.25,1.986979167,0,0,1,0.4676081,next-voice-onset,ChopinEtudes_op_10_5,RH,ChopinEtudes_op_10_5:RH:65:161.375000:3,medium,,,unmatched,external,,,,,,,,,,,,
66,59,1,161.666666667,0.833333333,0.125,2.0703125,1.9453125,0.333333333,0.125,0.0,1.9453125,0,0,0,0.724217752,key-release-grid,ChopinEtudes_op_10_5,RH,ChopinEtudes_op_10_5:RH:66:161.666667:1,medium,1,reference-score,labeled,external,P1,5,164.333333333,0.166666667,0,0,,,,,,
66,59,1,161.666666667,0.833333333,0.125,2.0703125,1.9453125,0.333333333,0.333333333,0.208333333,1.736979167,0,1,1,0.552564651,barline+next-voice-onset,ChopinEtudes_op_10_5,RH,ChopinEtudes_op_10_5:RH:66:161.666667:1,medium,0,reference-score,labeled,external,P1,5,164.333333333,0.166666667,0,0,,,,,,
78,89,2,161.666666667,0.833333333,0.125,2.0703125,1.9453125,0.208333333,0.125,0.0,1.9453125,0,0,0,0.724217752,key-release-grid,ChopinEtudes_op_10_5,RH,ChopinEtudes_op_10_5:RH:78:161.666667:2,medium,,,ambiguous-candidate,external,P1,1,164.333333333,0.166666667,0,0,,,,,,
78,89,2,161.666666667,0.833333333,0.125,2.0703125,1.9453125,0.208333333,0.208333333,0.083333333,1.861979167,0,0,1,0.639301963,next-voice-onset,ChopinEtudes_op_10_5,RH,ChopinEtudes_op_10_5:RH:78:161.666667:2,medium,,,ambiguous-candidate,external,P1,1,164.333333333,0.166666667,0,0,,,,,,
90,97,4,161.666666667,0.833333333,0.125,2.0703125,1.9453125,0.208333333,0.125,0.0,1.9453125,0,0,0,0.724217752,key-release-grid,ChopinEtudes_op_10_5,RH,ChopinEtudes_op_10_5:RH:90:161.666667:4,medium,,,ambiguous-candidate,external,P1,1,164.333333333,0.166666667,0,0,,,,,,
90,97,4,161.666666667,0.833333333,0.125,2.0703125,1.9453125,0.208333333,0.208333333,0.083333333,1.861979167,0,0,1,0.639301963,next-voice-onset,ChopinEtudes_op_10_5,RH,ChopinEtudes_op_10_5:RH:90:161.666667:4,medium,,,ambiguous-candidate,external,P1,1,164.333333333,0.166666667,0,0,,,,,,
80,57,3,161.75,0.875,0.125,1.986979167,1.861979167,3.25,0.125,0.0,1.861979167,0,0,0,0.726764755,key-release-grid,ChopinEtudes_op_10_5,RH,ChopinEtudes_op_10_5:RH:80:161.750000:3,medium,,,unmatched,external,,,,,,,,,,,,
80,57,3,161.75,0.875,0.125,1.986979167,1.861979167,3.25,0.25,0.125,1.736979167,0,1,0,0.616256757,barline,ChopinEtudes_op_10_5,RH,ChopinEtudes_op_10_5:RH:80:161.750000:3,medium,,,unmatched,external,,,,,,,,,,,,
80,57,3,161.75,0.875,0.125,1.986979167,1.861979167,3.25,2.0,1.875,0.013020833,1,0,0,0.247294682,pedal-acoustic-grid,ChopinEtudes_op_10_5,RH,ChopinEtudes_op_10_5:RH:80:161.750000:3,medium,,,unmatched,external,,,,,,,,,,,,
80,57,3,161.75,0.875,0.125,1.986979167,1.861979167,3.25,3.25,3.125,1.263020833,1,0,1,0.071827467,next-voice-onset,ChopinEtudes_op_10_5,RH,ChopinEtudes_op_10_5:RH:80:161.750000:3,medium,,,unmatched,external,,,,,,,,,,,,
75,88,2,161.875,0.9375,0.125,1.861979167,1.736979167,0.25,0.125,0.0,1.736979167,0,1,0,0.771096209,barline+key-release-grid,ChopinEtudes_op_10_5,RH,ChopinEtudes_op_10_5:RH:75:161.875000:2,medium,,,ambiguous-candidate,external,P1,1,164.5,0.166666667,0,0,,,,,,
75,88,2,161.875,0.9375,0.125,1.861979167,1.736979167,0.25,0.25,0.125,1.611979167,1,0,1,0.566272832,next-voice-onset,ChopinEtudes_op_10_5,RH,ChopinEtudes_op_10_5:RH:75:161.875000:2,medium,,,ambiguous-candidate,external,P1,1,164.5,0.166666667,0,0,,,,,,
87,94,4,161.875,0.9375,0.125,1.861979167,1.736979167,0.25,0.125,0.0,1.736979167,0,1,0,0.771096209,barline+key-release-grid,ChopinEtudes_op_10_5,RH,ChopinEtudes_op_10_5:RH:87:161.875000:4,medium,,,ambiguous-candidate,external,P1,1,164.5,0.166666667,0,0,,,,,,
87,94,4,161.875,0.9375,0.125,1.861979167,1.736979167,0.25,0.25,0.125,1.611979167,1,0,1,0.566272832,next-voice-onset,ChopinEtudes_op_10_5,RH,ChopinEtudes_op_10_5:RH:87:161.875000:4,medium,,,ambiguous-candidate,external,P1,1,164.5,0.166666667,0,0,,,,,,
63,68,1,162.0,0.0,0.125,1.736979167,1.611979167,0.125,0.125,0.0,1.611979167,0,0,1,0.756128641,key-release-grid+next-voice-onset,ChopinEtudes_op_10_5,RH,ChopinEtudes_op_10_5:RH:63:162.000000:1,medium,1,reference-score,labeled,external,P1,5,164.5,0.166666667,0,0,,,,,,
61,86,1,162.125,0.0625,0.125,1.611979167,1.486979167,-1.0,0.125,0.0,1.486979167,0,0,0,0.741975492,key-release-grid,ChopinEtudes_op_10_5,RH,ChopinEtudes_op_10_5:RH:61:162.125000:1,medium,1,reference-score,labeled,external,P1,5,164.666666667,0.166666667,0,0,,,,,,
61,86,1,162.125,0.0625,0.125,1.611979167,1.486979167,-1.0,1.625,1.5,0.013020833,0,0,0,0.280975057,pedal-acoustic-grid,ChopinEtudes_op_10_5,RH,ChopinEtudes_op_10_5:RH:61:162.125000:1,medium,0,reference-score,labeled,external,P1,5,164.666666667,0.166666667,0,0,,,,,,
61,86,1,162.125,0.0625,0.125,1.611979167,1.486979167,-1.0,1.666666667,1.541666667,0.0546875,0,0,0,0.266184915,pedal-acoustic-grid,ChopinEtudes_op_10_5,RH,ChopinEtudes_op_10_5:RH:61:162.125000:1,medium,0,reference-score,labeled,external,P1,5,164.666666667,0.166666667,0,0,,,,,,
61,86,1,162.125,0.0625,0.125,1.611979167,1.486979167,-1.0,1.5,1.375,0.111979167,0,0,0,0.263315041,pedal-acoustic-grid,ChopinEtudes_op_10_5,RH,ChopinEtudes_op_10_5:RH:61:162.125000:1,medium,0,reference-score,labeled,external,P1,5,164.666666667,0.166666667,0,0,,,,,,
61,86,1,162.125,0.0625,0.125,1.611979167,1.486979167,-1.0,1.875,1.75,0.263020833,0,1,0,0.243471393,barline,ChopinEtudes_op_10_5,RH,ChopinEtudes_op_10_5:RH:61:162.125000:1,medium,0,reference-score,labeled,external,P1,5,164.666666667,0.166666667,0,0,,,,,,
73,92,2,162.125,0.0625,0.125,1.611979167,1.486979167,0.25,0.125,0.0,1.486979167,0,0,0,0.741975492,key-release-grid,ChopinEtudes_op_10_5,RH,ChopinEtudes_op_10_5:RH:73:162.125000:2,medium,,,ambiguous-candidate,external,P1,1,164.666666667,0.166666667,0,0,,,,,,
73,92,2,162.125,0.0625,0.125,1.611979167,1.486979167,0.25,0.25,0.125,1.361979167,0,0,1,0.613929112,next-voice-onset,ChopinEtudes_op_10_5,RH,ChopinEtudes_op_10_5:RH:73:162.125000:2,medium,,,ambiguous-candidate,external,P1,1,164.666666667,0.166666667,0,0,,,,,,
75,30,2,162.125,0.0625,0.125,1.611979167,1.486979167,0.25,0.125,0.0,1.486979167,0,0,0,0.741975492,key-release-grid,ChopinEtudes_op_10_5,RH,ChopinEtudes_op_10_5:RH:75:162.125000:2,medium,,,unmatched,external,,,,,,,,,,,,
75,30,2,162.125,0.0625,0.125,1.611979167,1.486979167,0.25,0.25,0.125,1.361979167,0,0,1,0.613929112,next-voice-onset,ChopinEtudes_op_10_5,RH,ChopinEtudes_op_10_5:RH:75:162.125000:2,medium,,,unmatched,external,,,,,,,,,,,,
85,76,4,162.125,0.0625,0.125,1.611979167,1.486979167,0.25,0.125,0.0,1.486979167,0,0,0,0.741975492,key-release-grid,ChopinEtudes_op_10_5,RH,ChopinEtudes_op_10_5:RH:85:162.125000:4,medium,,,ambiguous-candidate,external,P1,1,164.666666667,0.166666667,0,0,,,,,,
85,76,4,162.125,0.0625,0.125,1.611979167,1.486979167,0.25,0.25,0.125,1.361979167,0,0,1,0.613929112,next-voice-onset,ChopinEtudes_op_10_5,RH,ChopinEtudes_op_10_5:RH:85:162.125000:4,medium,,,ambiguous-candidate,external,P1,1,164.666666667,0.166666667,0,0,,,,,,
70,96,2,162.375,0.1875,0.125,1.361979167,1.236979167,0.125,0.125,0.0,1.236979167,0,0,1,0.776660987,key-release-grid+next-voice-onset,ChopinEtudes_op_10_5,RH,ChopinEtudes_op_10_5:RH:70:162.375000:2,medium,1,reference-score,labeled,external,P1,1,164.833333333,0.166666667,0,0,,,,,,
73,30,2,162.375,0.1875,0.125,1.361979167,1.236979167,0.125,0.125,0.0,1.236979167,0,0,1,0.776660987,key-release-grid+next-voice-onset,ChopinEtudes_op_10_5,RH,ChopinEtudes_op_10_5:RH:73:162.375000:2,medium,,,unmatched,external,,,,,,,,,,,,
82,89,4,162.375,0.1875,0.125,1.361979167,1.236979167,0.25,0.125,0.0,1.236979167,0,0,0,0.756660987,key-release-grid,ChopinEtudes_op_10_5,RH,ChopinEtudes_op_10_5:RH:82:162.375000:4,medium,,,ambiguous-candidate,external,P1,1,164.833333333,0.166666667,0,0,,,,,,
82,89,4,162.375,0.1875,0.125,1.361979167,1.236979167,0.25,0.25,0.125,1.111979167,0,0,1,0.630991223,next-voice-onset,ChopinEtudes_op_10_5,RH,ChopinEtudes_op_10_5:RH:82:162.375000:4,medium,,,ambiguous-candidate,external,P1,1,164.833333333,0.166666667,0,0,,,,,,
68,88,2,162.5,0.25,0.125,1.236979167,1.111979167,0.25,0.125,0.0,1.111979167,0,0,0,0.765830675,key-release-grid,ChopinEtudes_op_10_5,RH,ChopinEtudes_op_10_5:RH:68:162.500000:2,medium,,,ambiguous-candidate,external,P1,1,165.0,0.166666667,0,0,,,,,,
68,88,2,162.5,0.25,0.125,1.236979167,1.111979167,0.25,0.25,0.125,0.986979167,0,0,1,0.641644881,next-voice-onset,ChopinEtudes_op_10_5,RH,ChopinEtudes_op_10_5:RH:68:162.500000:2,medium,,,ambiguous-candidate,external,P1,1,165.0,0.166666667,0,0,,,,,,
80,54,4,162.625,0.3125,0.125,1.111979167,0.986979167,0.125,0.125,0.0,0.986979167,0,0,1,0.796484333,key-release-grid+next-voice-onset,ChopinEtudes_op_10_5,RH,ChopinEtudes_op_10_5:RH:80:162.625000:4,medium,1,reference-score,labeled,external,P1,1,165.0,0.166666667,0,0,,,,,,
66,98,2,162.75,0.375,0.125,0.986979167,0.861979167,0.25,0.125,0.0,0.861979167,0,0,0,0.788862117,key-release-grid,ChopinEtudes_op_10_5,RH,ChopinEtudes_op_10_5:RH:66:162.750000:2,medium,,,ambiguous-candidate,external,P1,1,165.166666667,0.166666667,0,0,,,,,,
66,98,2,162.75,0.375,0.125,0.986979167,0.861979167,0.25,0.25,0.125,0.736979167,0,0,1,0.668403598,next-voice-onset,ChopinEtudes_op_10_5,RH,ChopinEtudes_op_10_5:RH:66:162.750000:2,medium,,,ambiguous-candidate,external,P1,1,165.166666667,0.166666667,0,0,,,,,,
68,48,2,162.75,0.375,0.125,0.986979167,0.861979167,0.25,0.125,0.0,0.861979167,0,0,0,0.788862117,key-release-grid,ChopinEtudes_op_10_5,RH,ChopinEtudes_op_10_5:RH:68:162.750000:2,medium,,,unmatched,external,,,,,,,,,,,,
68,48,2,162.75,0.375,0.125,0.986979167,0.861979167,0.25,0.25,0.125,0.736979167,0,0,1,0.668403598,next-voice-onset,ChopinEtudes_op_10_5,RH,ChopinEtudes_op_10_5:RH:68:162.750000:2,medium,,,unmatched,external,,,,,,,,,,,,
78,92,4,162.75,0.375,0.125,0.986979167,0.861979167,0.25,0.125,0.0,0.861979167,0,0,0,0.788862117,key-release-grid,ChopinEtudes_op_10_5,RH,ChopinEtudes_op_10_5:RH:78:162.750000:4,medium,,,ambiguous-candidate,external,P1,1,165.166666667,0.166666667,0,0,,,,,,
78,92,4,162.75,0.375,0.125,0.986979167,0.861979167,0.25,0.25,0.125,0.736979167,0,0,1,0.668403598,next-voice-onset,ChopinEtudes_op_10_5,RH,ChopinEtudes_op_10_5:RH:78:162.750000:4,medium,,,ambiguous-candidate,external,P1,1,165.166666667,0.166666667,0,0,,,,,,
63,80,2,163.0,0.5,0.125,0.736979167,0.611979167,0.125,0.125,0.0,0.611979167,0,0,1,0.839951311,key-release-grid+next-voice-onset,ChopinEtudes_op_10_5,RH,ChopinEtudes_op_10_5:RH:63:163.000000:2,medium,1,reference-score,labeled,external,P1,1,165.333333333,0.166666667,0,0,,,,,,
75,71,4,163.0,0.5,0.125,0.736979167,0.611979167,0.125,0.125,0.0,0.611979167,0,0,1,0.839951311,key-release-grid+next-voice-onset,ChopinEtudes_op_10_5,RH,ChopinEtudes_op_10_5:RH:75:163.000000:4,medium,1,reference-score,labeled,external,P1,1,165.333333333,0.166666667,0,0,,,,,,
61,91,2,163.125,0.5625,0.125,0.611979167,0.486979167,1.625,0.125,0.0,0.486979167,0,0,0,0.83936354,key-release-grid,ChopinEtudes_op_10_5,RH,ChopinEtudes_op_10_5:RH:61:163.125000:2,medium,1,reference-score,labeled,external,P1,1,165.5,0.166666667,0,0,,,,,,
61,91,2,163.125,0.5625,0.125,0.611979167,0.486979167,1.625,0.5,0.375,0.111979167,0,0,0,0.549222126,pedal-acoustic-grid,ChopinEtudes_op_10_5,RH,ChopinEtudes_op_10_5:RH:61:163.125000:2,medium,0,reference-score,labeled,external,P1,1,165.5,0.166666667,0,0,,,,,,
61,91,2,163.125,0.5625,0.125,0.611979167,0.486979167,1.625,0.625,0.5,0.013020833,0,0,0,0.503639718,pedal-acoustic-grid,ChopinEtudes_op_10_5,RH,ChopinEtudes_op_10_5:RH:61:163.125000:2,medium,0,reference-score,labeled,external,P1,1,165.5,0.166666667,0,0,,,,,,
61,91,2,163.125,0.5625,0.125,0.611979167,0.486979167,1.625,0.666666667,0.541666667,0.0546875,0,0,0,0.471046292,pedal-acoustic-grid,ChopinEtudes_op_10_5,RH,ChopinEtudes_op_10_5:RH:61:163.125000:2,medium,0,reference-score,labeled,external,P1,1,165.5,0.166666667,0,0,,,,,,
61,91,2,163.125,0.5625,0.125,0.611979167,0.486979167,1.625,0.875,0.75,0.263020833,0,1,0,0.378524337,barline,ChopinEtudes_op_10_5,RH,ChopinEtudes_op_10_5:RH:61:163.125000:2,medium,0,reference-score,labeled,external,P1,1,165.5,0.166666667,0,0,,,,,,
61,91,2,163.125,0.5625,0.125,0.611979167,0.486979167,1.625,1.625,1.5,1.013020833,1,0,1,0.121470772,next-voice-onset,ChopinEtudes_op_10_5,RH,ChopinEtudes_op_10_5:RH:61:163.125000:2,medium,0,reference-score,labeled,external,P1,1,165.5,0.166666667,0,0,,,,,,
73,79,4,163.125,0.5625,0.125,0.611979167,0.486979167,0.25,0.125,0.0,0.486979167,0,0,0,0.83936354,key-release-grid,ChopinEtudes_op_10_5,RH,ChopinEtudes_op_10_5:RH:73:163.125000:4,medium,,,ambiguous-candidate,external,P1,1,165.5,0.166666667,0,0,,,,,,
73,79,4,163.125,0.5625,0.125,0.611979167,0.486979167,0.25,0.25,0.125,0.361979167,0,0,1,0.727077882,next-voice-onset,ChopinEtudes_op_10_5,RH,ChopinEtudes_op_10_5:RH:73:163.125000:4,medium,,,ambiguous-candidate,external,P1,1,165.5,0.166666667,0,0,,,,,,
70,89,4,163.375,0.6875,0.125,0.361979167,0.236979167,0.25,0.125,0.0,0.236979167,0,0,0,0.888121102,key-release-grid,ChopinEtudes_op_10_5,RH,ChopinEtudes_op_10_5:RH:70:163.375000:4,normal,,,ambiguous-candidate,external,P1,1,165.666666667,0.166666667,0,0,,,,,,
70,89,4,163.375,0.6875,0.125,0.361979167,0.236979167,0.25,0.25,0.125,0.111979167,0,0,1,0.783726087,next-voice-onset+pedal-acoustic-grid,ChopinEtudes_op_10_5,RH,ChopinEtudes_op_10_5:RH:70:163.375000:4,normal,,,ambiguous-candidate,external,P1,1,165.666666667,0.166666667,0,0,,,,,,
68,81,4,163.625,0.8125,0.125,0.125,0.0,0.25,0.125,0.0,0.0,0,0,0,0.95,key-release-grid+pedal-acoustic-grid,ChopinEtudes_op_10_5,RH,ChopinEtudes_op_10_5:RH:68:163.625000:4,normal,,,ambiguous-candidate,external,P1,1,165.833333333,0.166666667,0,0,,,,,,
68,81,4,163.625,0.8125,0.125,0.125,0.0,0.25,0.25,0.125,0.125,0,0,1,0.780337542,next-voice-onset,ChopinEtudes_op_10_5,RH,ChopinEtudes_op_10_5:RH:68:163.625000:4,normal,,,ambiguous-candidate,external,P1,1,165.833333333,0.166666667,0,0,,,,,,
66,96,4,163.875,0.9375,0.333333333,2.5234375,2.190104167,1.125,0.333333333,0.0,2.190104167,1,0,0,0.676237257,key-release-grid,ChopinEtudes_op_10_5,RH,ChopinEtudes_op_10_5:RH:66:163.875000:4,medium,0,reference-score,labeled,external,P1,1,166.0,0.5,0,0,,,,,,
66,96,4,163.875,0.9375,0.333333333,2.5234375,2.190104167,1.125,0.375,0.041666667,2.1484375,1,0,0,0.624399438,key-release-grid,ChopinEtudes_op_10_5,RH,ChopinEtudes_op_10_5:RH:66:163.875000:4,medium,1,reference-score,labeled,external,P1,1,166.0,0.5,0,0,,,,,,
66,96,4,163.875,0.9375,0.333333333,2.5234375,2.190104167,1.125,0.25,0.083333333,2.2734375,1,0,0,0.573414649,key-release-grid,ChopinEtudes_op_10_5,RH,ChopinEtudes_op_10_5:RH:66:163.875000:4,medium,0,reference-score,labeled,external,P1,1,166.0,0.5,0,0,,,,,,
66,96,4,163.875,0.9375,0.333333333,2.5234375,2.190104167,1.125,0.125,0.208333333,2.3984375,0,1,0,0.51552847,barline,ChopinEtudes_op_10_5,RH,ChopinEtudes_op_10_5:RH:66:163.875000:4,medium,0,reference-score,labeled,external,P1,1,166.0,0.5,0,0,,,,,,
66,96,4,163.875,0.9375,0.333333333,2.5234375,2.190104167,1.125,1.125,0.791666667,1.3984375,1,0,1,0.198131906,next-voice-onset,ChopinEtudes_op_10_5,RH,ChopinEtudes_op_10_5:RH:66:163.875000:4,medium,0,reference-score,labeled,external,P1,1,166.0,0.5,0,0,,,,,,
46,75,1,156.0,0.0,0.125,5.283854167,5.158854167,0.375,0.125,0.0,5.158854167,0,0,0,0.700512137,key-release-grid,ChopinEtudes_op_10_5,LH,ChopinEtudes_op_10_5:LH:46:156.000000:1,medium,1,reference-score,labeled,external,P1,5,158.5,0.166666667,0,0,,,,,,
46,75,1,156.0,0.0,0.125,5.283854167,5.158854167,0.375,0.375,0.25,4.908854167,0,0,1,0.445262774,next-voice-onset,ChopinEtudes_op_10_5,LH,ChopinEtudes_op_10_5:LH:46:156.000000:1,medium,0,reference-score,labeled,external,P1,5,158.5,0.166666667,0,0,,,,,,
49,33,1,156.0,0.0,0.125,5.283854167,5.158854167,0.375,0.125,0.0,5.158854167,0,0,0,0.700512137,key-release-grid,ChopinEtudes_op_10_5,LH,ChopinEtudes_op_10_5:LH:49:156.000000:1,medium,,,unmatched,external,,,,,,,,,,,,
49,33,1,156.0,0.0,0.125,5.283854167,5.158854167,0.375,0.375,0.25,4.908854167,0,0,1,0.445262774,next-voice-onset,ChopinEtudes_op_10_5,LH,ChopinEtudes_op_10_5:LH:49:156.000000:1,medium,,,unmatched,external,,,,,,,,,,,,
54,78,3,156.0,0.0,0.125,5.283854167,5.158854167,0.5,0.125,0.0,5.158854167,0,0,0,0.700512137,key-release-grid,ChopinEtudes_op_10_5,LH,ChopinEtudes_op_10_5:LH:54:156.000000:3,medium,1,reference-score,labeled,external,P1,5,158.666666667,0.166666667,0,0,,,,,,
54,78,3,156.0,0.0,0.125,5.283854167,5.158854167,0.5,0.5,0.375,4.783854167,0,0,1,0.351459777,next-voice-onset,ChopinEtudes_op_10_5,LH,ChopinEtudes_op_10_5:LH:54:156.000000:3,medium,0,reference-score,labeled,external,P1,5,158.666666667,0.166666667,0,0,,,,,,
49,72,1,156.375,0.1875,0.125,4.908854167,4.783854167,5.375,0.125,0.0,4.783854167,0,0,0,0.70080319,key-release-grid,ChopinEtudes_op_10_5,LH,ChopinEtudes_op_10_5:LH:49:156.375000:1,medium,1,reference-score,labeled,external,P1,5,159.0,0.166666667,0,0,,,,,,
49,72,1,156.375,0.1875,0.125,4.908854167,4.783854167,5.375,4.875,4.75,0.033854167,1,0,0,0.226117363,pedal-acoustic-grid,ChopinEtudes_op_10_5,LH,ChopinEtudes_op_10_5:LH:49:156.375000:1,medium,0,reference-score,labeled,external,P1,5,159.0,0.166666667,0,0,,,,,,
49,72,1,156.375,0.1875,0.125,4.908854167,4.783854167,5.375,5.0,4.875,0.091145833,1,0,0,0.211086498,pedal-acoustic-grid,ChopinEtudes_op_10_5,LH,ChopinEtudes_op_10_5:LH:49:156.375000:1,medium,0,reference-score,labeled,external,P1,5,159.0,0.166666667,0,0,,,,,,
49,72,1,156.375,0.1875,0.125,4.908854167,4.783854167,5.375,5.375,5.25,0.466145833,1,0,1,0.153423633,next-voice-onset,ChopinEtudes_op_10_5,LH,ChopinEtudes_op_10_5:LH:49:156.375000:1,medium,0,reference-score,labeled,external,P1,5,159.0,0.166666667,0,0,,,,,,
49,72,1,156.375,0.1875,0.125,4.908854167,4.783854167,5.375,1.625,1.5,3.283854167,0,1,0,0.079709964,barline,ChopinEtudes_op_10_5,LH,ChopinEtudes_op_10_5:LH:49:156.375000:1,medium,0,reference-score,labeled,external,P1,5,159.0,0.166666667,0,0,,,,,,
58,81,3,156.5,0.25,0.125,4.783854167,4.658854167,0.375,0.125,0.0,4.658854167,0,0,0,0.700933174,key-release-grid,ChopinEtudes_op_10_5,LH,ChopinEtudes_op_10_5:LH:58:156.500000:3,medium,1,reference-score,labeled,external,P1,5,159.166666667,0.166666667,0,0,,,,,,
58,81,3,156.5,0.25,0.125,4.783854167,4.658854167,0.375,0.375,0.25,4.408854167,0,0,1,0.445831114,next-voice-onset,ChopinEtudes_op_10_5,LH,ChopinEtudes_op_10_5:LH:58:156.500000:3,medium,0,reference-score,labeled,external,P1,5,159.166666667,0.166666667,0,0,,,,,,
54,84,3,156.875,0.4375,0.125,4.408854167,4.283854167,0.5,0.125,0.0,4.283854167,0,0,0,0.701463507,key-release-grid,ChopinEtudes_op_10_5,LH,ChopinEtudes_op_10_5:LH:54:156.875000:3,medium,1,reference-score,labeled,external,P1,5,159.5,0.166666667,0,0,,,,,,
54,84,3,156.875,0.4375,0.125,4.408854167,4.283854167,0.5,0.5,0.375,3.908854167,0,0,1,0.352951823,next-voice-onset,ChopinEtudes_op_10_5,LH,ChopinEtudes_op_10_5:LH:54:156.875000:3,medium,0,reference-score,labeled,external,P1,5,159.5,0.166666667,0,0,,,,,,
58,81,3,157.375,0.6875,0.125,3.908854167,3.783854167,4.291666667,0.125,0.0,3.783854167,0,0,0,0.702666684,key-release-grid,ChopinEtudes_op_10_5,LH,ChopinEtudes_op_10_5:LH:58:157.375000:3,medium,1,reference-score,labeled,external,P1,5,160.0,0.166666667,0,0,,,,,,
58,81,3,157.375,0.6875,0.125,3.908854167,3.783854167,4.291666667,0.625,0.5,3.283854167,0,1,0,0.302374625,barline,ChopinEtudes_op_10_5,LH,ChopinEtudes_op_10_5:LH:58:157.375000:3,medium,0,reference-score,labeled,external,P1,5,160.0,0.166666667,0,0,,,,,,
58,81,3,157.375,0.6875,0.125,3.908854167,3.783854167,4.291666667,3.875,3.75,0.033854167,1,0,0,0.22643263,pedal-acoustic-grid,ChopinEtudes_op_10_5,LH,ChopinEtudes_op_10_5:LH:58:157.375000:3,medium,0,reference-score,labeled,external,P1,5,160.0,0.166666667,0,0,,,,,,
58,81,3,157.375,0.6875,0.125,3.908854167,3.783854167,4.291666667,4.0,3.875,0.091145833,1,0,0,0.211332029,pedal-acoustic-grid,ChopinEtudes_op_10_5,LH,ChopinEtudes_op_10_5:LH:58:157.375000:3,medium,0,reference-score,labeled,external,P1,5,160.0,0.166666667,0,0,,,,,,
58,81,3,157.375,0.6875,0.125,3.908854167,3.783854167,4.291666667,4.291666667,4.166666667,0.3828125,1,0,1,0.167716811,next-voice-onset,ChopinEtudes_op_10_5,LH,ChopinEtudes_op_10_5:LH:58:157.375000:3,medium,0,reference-score,labeled,external,P1,5,160.0,0.166666667,0,0,,,,,,
54,65,3,161.666666667,0.833333333,0.125,2.0703125,1.9453125,0.208333333,0.125,0.0,1.9453125,0,0,0,0.724217752,key-release-grid,ChopinEtudes_op_10_5,LH,ChopinEtudes_op_10_5:LH:54:161.666667:3,medium,,,ambiguous-candidate,external,P1,5,164.333333333,0.166666667,0,0,,,,,,
54,65,3,161.666666667,0.833333333,0.125,2.0703125,1.9453125,0.208333333,0.208333333,0.083333333,1.861979167,0,0,1,0.639301963,next-voice-onset,ChopinEtudes_op_10_5,LH,ChopinEtudes_op_10_5:LH:54:161.666667:3,medium,,,ambiguous-candidate,external,P1,5,164.333333333,0.166666667,0,0,,,,,,
56,53,1,161.75,0.875,0.125,1.986979167,1.861979167,0.625,0.125,0.0,1.861979167,0,0,0,0.726764755,key-release-grid,ChopinEtudes_op_10_5,LH,ChopinEtudes_op_10_5:LH:56:161.750000:1,medium,,,unmatched,external,,,,,,,,,,,,
56,53,1,161.75,0.875,0.125,1.986979167,1.861979167,0.625,0.25,0.125,1.736979167,0,1,0,0.616256757,barline,ChopinEtudes_op_10_5,LH,ChopinEtudes_op_10_5:LH:56:161.750000:1,medium,,,unmatched,external,,,,,,,,,,,,
56,53,1,161.75,0.875,0.125,1.986979167,1.861979167,0.625,0.625,0.5,1.361979167,1,0,1,0.307282861,next-voice-onset,ChopinEtudes_op_10_5,LH,ChopinEtudes_op_10_5:LH:56:161.750000:1,medium,,,unmatched,external,,,,,,,,,,,,
51,73,3,161.875,0.9375,0.125,1.861979167,1.736979167,0.25,0.125,0.0,1.736979167,0,1,0,0.771096209,barline+key-release-grid,ChopinEtudes_op_10_5,LH,ChopinEtudes_op_10_5:LH:51:161.875000:3,medium,,,ambiguous-candidate,external,P1,5,164.5,0.166666667,0,0,,,,,,
51,73,3,161.875,0.9375,0.125,1.861979167,1.736979167,0.25,0.25,0.125,1.611979167,1,0,1,0.566272832,next-voice-onset,ChopinEtudes_op_10_5,LH,ChopinEtudes_op_10_5:LH:51:161.875000:3,medium,,,ambiguous-candidate,external,P1,5,164.5,0.166666667,0,0,,,,,,
49,89,3,162.125,0.0625,0.125,1.611979167,1.486979167,0.25,0.125,0.0,1.486979167,0,0,0,0.741975492,key-release-grid,ChopinEtudes_op_10_5,LH,ChopinEtudes_op_10_5:LH:49:162.125000:3,medium,,,ambiguous-candidate,external,P1,5,164.666666667,0.166666667,0,0,,,,,,
49,89,3,162.125,0.0625,0.125,1.611979167,1.486979167,0.25,0.25,0.125,1.361979167,0,0,1,0.613929112,next-voice-onset,ChopinEtudes_op_10_5,LH,ChopinEtudes_op_10_5:LH:49:162.125000:3,medium,,,ambiguous-candidate,external,P1,5,164.666666667,0.166666667,0,0,,,,,,
58,80,1,162.375,0.1875,0.125,1.361979167,1.236979167,0.125,0.125,0.0,1.236979167,0,0,1,0.776660987,key-release-grid+next-voice-onset,ChopinEtudes_op_10_5,LH,ChopinEtudes_op_10_5:LH:58:162.375000:1,medium,1,reference-score,labeled,external,P1,5,164.833333333,0.166666667,0,0,,,,,,
46,79,3,162.375,0.1875,0.125,1.361979167,1.236979167,0.125,0.125,0.0,1.236979167,0,0,1,0.776660987,key-release-grid+next-voice-onset,ChopinEtudes_op_10_5,LH,ChopinEtudes_op_10_5:LH:46:162.375000:3,medium,1,reference-score,labeled,external,P1,5,164.833333333,0.166666667,0,0,,,,,,
56,88,1,162.5,0.25,0.125,1.236979167,1.111979167,0.25,0.125,0.0,1.111979167,0,0,0,0.765830675,key-release-grid,ChopinEtudes_op_10_5,LH,ChopinEtudes_op_10_5:LH:56:162.500000:1,medium,,,ambiguous-candidate,external,P1,5,165.0,0.166666667,0,0,,,,,,
56,88,1,162.5,0.25,0.125,1.236979167,1.111979167,0.25,0.25,0.125,0.986979167,0,0,1,0.641644881,next-voice-onset,ChopinEtudes_op_10_5,LH,ChopinEtudes_op_10_5:LH:56:162.500000:1,medium,,,ambiguous-candidate,external,P1,5,165.0,0.166666667,0,0,,,,,,
44,94,3,162.5,0.25,0.125,1.236979167,1.111979167,0.25,0.125,0.0,1.111979167,0,0,0,0.765830675,key-release-grid,ChopinEtudes_op_10_5,LH,ChopinEtudes_op_10_5:LH:44:162.500000:3,medium,,,ambiguous-candidate,external,P1,5,165.0,0.166666667,0,0,,,,,,
44,94,3,162.5,0.25,0.125,1.236979167,1.111979167,0.25,0.25,0.125,0.986979167,0,0,1,0.641644881,next-voice-onset,ChopinEtudes_op_10_5,LH,ChopinEtudes_op_10_5:LH:44:162.500000:3,medium,,,ambiguous-candidate,external,P1,5,165.0,0.166666667,0,0,,,,,,
54,77,1,162.75,0.375,0.125,0.986979167,0.861979167,0.25,0.125,0.0,0.861979167,0,0,0,0.788862117,key-release-grid,ChopinEtudes_op_10_5,LH,ChopinEtudes_op_10_5:LH:54:162.750000:1,medium,,,ambiguous-candidate,external,P1,5,165.166666667,0.166666667,0,0,,,,,,
54,77,1,162.75,0.375,0.125,0.986979167,0.861979167,0.25,0.25,0.125,0.736979167,0,0,1,0.668403598,next-voice-onset,ChopinEtudes_op_10_5,LH,ChopinEtudes_op_10_5:LH:54:162.750000:1,medium,,,ambiguous-candidate,external,P1,5,165.166666667,0.166666667,0,0,,,,,,
42,89,3,162.75,0.375,0.125,0.986979167,0.861979167,0.25,0.125,0.0,0.861979167,0,0,0,0.788862117,key-release-grid,ChopinEtudes_op_10_5,LH,ChopinEtudes_op_10_5:LH:42:162.750000:3,medium,,,ambiguous-candidate,external,P1,5,165.166666667,0.166666667,0,0,,,,,,
42,89,3,162.75,0.375,0.125,0.986979167,0.861979167,0.25,0.25,0.125,0.736979167,0,0,1,0.668403598,next-voice-onset,ChopinEtudes_op_10_5,LH,ChopinEtudes_op_10_5:LH:42:162.750000:3,medium,,,ambiguous-candidate,external,P1,5,165.166666667,0.166666667,0,0,,,,,,
51,93,1,163.0,0.5,0.125,0.736979167,0.611979167,0.125,0.125,0.0,0.611979167,0,0,1,0.839951311,key-release-grid+next-voice-onset,ChopinEtudes_op_10_5,LH,ChopinEtudes_op_10_5:LH:51:163.000000:1,medium,1,reference-score,labeled,external,P1,5,165.333333333,0.166666667,0,0,,,,,,
39,83,3,163.0,0.5,0.125,0.736979167,0.611979167,0.125,0.125,0.0,0.611979167,0,0,1,0.839951311,key-release-grid+next-voice-onset,ChopinEtudes_op_10_5,LH,ChopinEtudes_op_10_5:LH:39:163.000000:3,medium,1,reference-score,labeled,external,P1,5,165.333333333,0.166666667,0,0,,,,,,
49,86,1,163.125,0.5625,0.125,0.611979167,0.486979167,0.25,0.125,0.0,0.486979167,0,0,0,0.83936354,key-release-grid,ChopinEtudes_op_10_5,LH,ChopinEtudes_op_10_5:LH:49:163.125000:1,medium,,,ambiguous-candidate,external,P1,5,165.5,0.166666667,0,0,,,,,,
49,86,1,163.125,0.5625,0.125,0.611979167,0.486979167,0.25,0.25,0.125,0.361979167,0,0,1,0.727077882,next-voice-onset,ChopinEtudes_op_10_5,LH,ChopinEtudes_op_10_5:LH:49:163.125000:1,medium,,,ambiguous-candidate,external,P1,5,165.5,0.166666667,0,0,,,,,,
37,84,3,163.125,0.5625,0.125,0.611979167,0.486979167,0.125,0.125,0.0,0.486979167,0,0,1,0.85936354,key-release-grid+next-voice-onset,ChopinEtudes_op_10_5,LH,ChopinEtudes_op_10_5:LH:37:163.125000:3,medium,1,reference-score,labeled,external,P1,5,165.5,0.166666667,0,0,,,,,,
39,28,3,163.25,0.625,0.125,0.486979167,0.361979167,0.125,0.125,0.0,0.361979167,0,0,1,0.881917333,key-release-grid+next-voice-onset,ChopinEtudes_op_10_5,LH,ChopinEtudes_op_10_5:LH:39:163.250000:3,medium,,,unmatched,external,,,,,,,,,,,,
46,95,1,163.375,0.6875,0.125,0.361979167,0.236979167,0.25,0.125,0.0,0.236979167,0,0,0,0.888121102,key-release-grid,ChopinEtudes_op_10_5,LH,ChopinEtudes_op_10_5:LH:46:163.375000:1,normal,,,ambiguous-candidate,external,P1,5,165.666666667,0.166666667,0,0,,,,,,
46,95,1,163.375,0.6875,0.125,0.361979167,0.236979167,0.25,0.25,0.125,0.111979167,0,0,1,0.783726087,next-voice-onset+pedal-acoustic-grid,ChopinEtudes_op_10_5,LH,ChopinEtudes_op_10_5:LH:46:163.375000:1,normal,,,ambiguous-candidate,external,P1,5,165.666666667,0.166666667,0,0,,,,,,
58,93,1,163.375,0.6875,0.125,0.361979167,0.236979167,0.25,0.125,0.0,0.236979167,0,0,0,0.888121102,key-release-grid,ChopinEtudes_op_10_5,LH,ChopinEtudes_op_10_5:LH:58:163.375000:1,normal,,,ambiguous-candidate,external,P1,1,165.666666667,0.166666667,0,0,,,,,,
58,93,1,163.375,0.6875,0.125,0.361979167,0.236979167,0.25,0.25,0.125,0.111979167,0,0,1,0.783726087,next-voice-onset+pedal-acoustic-grid,ChopinEtudes_op_10_5,LH,ChopinEtudes_op_10_5:LH:58:163.375000:1,normal,,,ambiguous-candidate,external,P1,1,165.666666667,0.166666667,0,0,,,,,,
34,84,3,163.375,0.6875,0.125,0.361979167,0.236979167,0.25,0.125,0.0,0.236979167,0,0,0,0.888121102,key-release-grid,ChopinEtudes_op_10_5,LH,ChopinEtudes_op_10_5:LH:34:163.375000:3,normal,,,ambiguous-candidate,external,P1,5,165.666666667,0.166666667,0,0,,,,,,
34,84,3,163.375,0.6875,0.125,0.361979167,0.236979167,0.25,0.25,0.125,0.111979167,0,0,1,0.783726087,next-voice-onset+pedal-acoustic-grid,ChopinEtudes_op_10_5,LH,ChopinEtudes_op_10_5:LH:34:163.375000:3,normal,,,ambiguous-candidate,external,P1,5,165.666666667,0.166666667,0,0,,,,,,
37,46,3,163.375,0.6875,0.125,0.361979167,0.236979167,0.25,0.125,0.0,0.236979167,0,0,0,0.888121102,key-release-grid,ChopinEtudes_op_10_5,LH,ChopinEtudes_op_10_5:LH:37:163.375000:3,normal,,,unmatched,external,,,,,,,,,,,,
37,46,3,163.375,0.6875,0.125,0.361979167,0.236979167,0.25,0.25,0.125,0.111979167,0,0,1,0.783726087,next-voice-onset+pedal-acoustic-grid,ChopinEtudes_op_10_5,LH,ChopinEtudes_op_10_5:LH:37:163.375000:3,normal,,,unmatched,external,,,,,,,,,,,,
44,81,1,163.625,0.8125,0.125,0.125,0.0,0.25,0.125,0.0,0.0,0,0,0,0.95,key-release-grid+pedal-acoustic-grid,ChopinEtudes_op_10_5,LH,ChopinEtudes_op_10_5:LH:44:163.625000:1,normal,,,ambiguous-candidate,external,P1,5,165.833333333,0.166666667,0,0,,,,,,
44,81,1,163.625,0.8125,0.125,0.125,0.0,0.25,0.25,0.125,0.125,0,0,1,0.780337542,next-voice-onset,ChopinEtudes_op_10_5,LH,ChopinEtudes_op_10_5:LH:44:163.625000:1,normal,,,ambiguous-candidate,external,P1,5,165.833333333,0.166666667,0,0,,,,,,
56,92,1,163.625,0.8125,0.125,0.125,0.0,0.25,0.125,0.0,0.0,0,0,0,0.95,key-release-grid+pedal-acoustic-grid,ChopinEtudes_op_10_5,LH,ChopinEtudes_op_10_5:LH:56:163.625000:1,normal,,,ambiguous-candidate,external,P1,1,165.833333333,0.166666667,0,0,,,,,,
56,92,1,163.625,0.8125,0.125,0.125,0.0,0.25,0.25,0.125,0.125,0,0,1,0.780337542,next-voice-onset,ChopinEtudes_op_10_5,LH,ChopinEtudes_op_10_5:LH:56:163.625000:1,normal,,,ambiguous-candidate,external,P1,1,165.833333333,0.166666667,0,0,,,,,,
32,80,3,163.625,0.8125,0.125,0.125,0.0,0.25,0.125,0.0,0.0,0,0,0,0.95,key-release-grid+pedal-acoustic-grid,ChopinEtudes_op_10_5,LH,ChopinEtudes_op_10_5:LH:32:163.625000:3,normal,,,ambiguous-candidate,external,P1,5,165.833333333,0.166666667,0,0,,,,,,
32,80,3,163.625,0.8125,0.125,0.125,0.0,0.25,0.25,0.125,0.125,0,0,1,0.780337542,next-voice-onset,ChopinEtudes_op_10_5,LH,ChopinEtudes_op_10_5:LH:32:163.625000:3,normal,,,ambiguous-candidate,external,P1,5,165.833333333,0.166666667,0,0,,,,,,
42,96,1,163.875,0.9375,0.333333333,2.5234375,2.190104167,0.875,0.333333333,0.0,2.190104167,1,0,0,0.676237257,key-release-grid,ChopinEtudes_op_10_5,LH,ChopinEtudes_op_10_5:LH:42:163.875000:1,medium,0,reference-score,labeled,external,P1,5,166.0,0.5,0,0,,,,,,
42,96,1,163.875,0.9375,0.333333333,2.5234375,2.190104167,0.875,0.375,0.041666667,2.1484375,1,0,0,0.624399438,key-release-grid,ChopinEtudes_op_10_5,LH,ChopinEtudes_op_10_5:LH:42:163.875000:1,medium,1,reference-score,labeled,external,P1,5,166.0,0.5,0,0,,,,,,
42,96,1,163.875,0.9375,0.333333333,2.5234375,2.190104167,0.875,0.25,0.083333333,2.2734375,1,0,0,0.573414649,key-release-grid,ChopinEtudes_op_10_5,LH,ChopinEtudes_op_10_5:LH:42:163.875000:1,medium,0,reference-score,labeled,external,P1,5,166.0,0.5,0,0,,,,,,
42,96,1,163.875,0.9375,0.333333333,2.5234375,2.190104167,0.875,0.125,0.208333333,2.3984375,0,1,0,0.51552847,barline,ChopinEtudes_op_10_5,LH,ChopinEtudes_op_10_5:LH:42:163.875000:1,medium,0,reference-score,labeled,external,P1,5,166.0,0.5,0,0,,,,,,
42,96,1,163.875,0.9375,0.333333333,2.5234375,2.190104167,0.875,0.875,0.541666667,1.6484375,1,0,1,0.27453179,next-voice-onset,ChopinEtudes_op_10_5,LH,ChopinEtudes_op_10_5:LH:42:163.875000:1,medium,0,reference-score,labeled,external,P1,5,166.0,0.5,0,0,,,,,,
54,99,2,163.875,0.9375,0.25,2.5234375,2.2734375,0.791666667,0.25,0.0,2.2734375,1,0,0,0.674619295,key-release-grid,ChopinEtudes_op_10_5,LH,ChopinEtudes_op_10_5:LH:54:163.875000:2,medium,,,reference-duration-not-candidate,external,P1,1,166.0,0.5,0,0,,,,,,
54,99,2,163.875,0.9375,0.25,2.5234375,2.2734375,0.791666667,0.125,0.125,2.3984375,0,1,0,0.599220577,barline,ChopinEtudes_op_10_5,LH,ChopinEtudes_op_10_5:LH:54:163.875000:2,medium,,,reference-duration-not-candidate,external,P1,1,166.0,0.5,0,0,,,,,,
54,99,2,163.875,0.9375,0.25,2.5234375,2.2734375,0.791666667,0.333333333,0.083333333,2.190104167,1,0,0,0.575032611,key-release-grid,ChopinEtudes_op_10_5,LH,ChopinEtudes_op_10_5:LH:54:163.875000:2,medium,,,reference-duration-not-candidate,external,P1,1,166.0,0.5,0,0,,,,,,
54,99,2,163.875,0.9375,0.25,2.5234375,2.2734375,0.791666667,0.791666667,0.541666667,1.731770833,1,0,1,0.271432517,next-voice-onset,ChopinEtudes_op_10_5,LH,ChopinEtudes_op_10_5:LH:54:163.875000:2,medium,,,reference-duration-not-candidate,external,P1,1,166.0,0.5,0,0,,,,,,
30,89,3,163.875,0.9375,0.125,0.125,0.0,2.458333333,0.125,0.0,0.0,0,1,0,0.99,barline+key-release-grid+pedal-acoustic-grid,ChopinEtudes_op_10_5,LH,ChopinEtudes_op_10_5:LH:30:163.875000:3,normal,,,reference-duration-not-candidate,external,P1,5,166.0,0.5,0,0,,,,,,
30,89,3,163.875,0.9375,0.125,0.125,0.0,2.458333333,2.458333333,2.333333333,2.333333333,1,0,1,0.03935164,next-voice-onset,ChopinEtudes_op_10_5,LH,ChopinEtudes_op_10_5:LH:30:163.875000:3,normal,,,reference-duration-not-candidate,external,P1,5,166.0,0.5,0,0,,,,,,
32,55,3,163.875,0.9375,0.125,0.125,0.0,2.458333333,0.125,0.0,0.0,0,1,0,0.99,barline+key-release-grid+pedal-acoustic-grid,ChopinEtudes_op_10_5,LH,ChopinEtudes_op_10_5:LH:32:163.875000:3,normal,,,unmatched,external,,,,,,,,,,,,
32,55,3,163.875,0.9375,0.125,0.125,0.0,2.458333333,2.458333333,2.333333333,2.333333333,1,0,1,0.03935164,next-voice-onset,ChopinEtudes_op_10_5,LH,ChopinEtudes_op_10_5:LH:32:163.875000:3,normal,,,unmatched,external,,,,,,,,,,,,
