hand,pitch,onset_ql,reference_part,reference_voice,reference_pitch,reference_onset_ql
RH,80,3.000000,P1,2,80,0.000000
RH,64,3.625000,P1,5,64,0.500000
RH,71,4.250000,P1,5,71,1.000000
RH,81,5.000000,P1,1,81,1.500000
RH,78,5.125000,P1,2,78,1.500000
RH,80,5.666667,P1,1,80,2.000000
RH,76,5.750000,P1,2,76,2.000000
RH,73,6.375000,P1,5,73,2.500000
RH,78,7.000000,P1,1,78,3.000000
RH,70,7.125000,P1,5,70,3.000000
RH,71,7.666667,P1,5,71,3.500000
RH,75,7.666667,P1,2,75,3.500000
RH,68,8.250000,P1,6,68,4.000000
RH,76,8.250000,P1,1,76,4.000000
RH,64,9.000000,P1,6,64,4.500000
RH,78,9.333333,P1,1,78,4.750000
RH,80,9.375000,P1,1,80,4.875000
RH,63,9.625000,P1,6,63,5.000000
RH,81,9.625000,P1,1,81,5.000000
RH,64,10.250000,P1,6,64,5.500000
RH,80,10.250000,P1,1,80,5.500000
RH,69,10.875000,P1,6,69,6.000000
RH,73,10.875000,P1,5,73,6.000000
RH,78,10.875000,P1,1,78,6.000000
RH,71,11.500000,P1,5,71,6.500000
RH,76,11.500000,P1,1,76,6.500000
RH,68,11.625000,P1,6,68,6.500000
RH,68,14.125000,P1,2,68,8.000000
RH,71,14.125000,P1,1,71,8.000000
LH,52,14.750000,P1,5,52,8.500000
LH,59,15.375000,P1,5,59,9.000000
RH,69,16.000000,P1,1,69,9.500000
RH,66,16.125000,P1,2,66,9.500000
RH,68,16.666667,P1,1,68,10.000000
RH,64,16.750000,P1,2,64,10.000000
RH,61,17.333333,P1,5,61,10.500000
LH,58,18.000000,P1,5,58,11.000000
RH,66,18.000000,P1,1,66,11.000000
LH,59,18.625000,P1,5,59,11.500000
RH,63,18.625000,P1,2,63,11.500000
LH,56,19.250000,P1,6,56,12.000000
RH,64,19.250000,P1,1,64,12.000000
LH,52,19.875000,P1,6,52,12.500000
RH,66,20.125000,P1,1,66,12.750000
RH,68,20.250000,P1,1,68,12.875000
LH,51,20.500000,P1,6,51,13.000000
RH,69,20.500000,P1,1,69,13.000000
LH,52,21.125000,P1,6,52,13.500000
RH,68,21.125000,P1,1,68,13.500000
LH,45,21.750000,P1,5,45,14.000000
RH,64,21.750000,P1,1,64,14.000000
RH,69,21.750000,P1,1,69,14.000000
RH,73,21.750000,P1,1,73,14.000000
LH,52,22.500000,P1,5,52,14.500000
RH,64,22.500000,P1,1,64,14.500000
RH,68,22.500000,P1,1,68,14.500000
RH,71,22.500000,P1,1,71,14.500000
LH,32,25.125000,P1,5,32,16.500000
LH,44,25.125000,P1,5,44,16.500000
LH,32,25.750000,P1,5,32,17.000000
LH,44,25.750000,P1,5,44,17.000000
RH,75,26.000000,P1,1,75,17.166667
RH,73,26.250000,P1,1,73,17.333333
RH,71,26.375000,P1,1,71,17.500000
RH,69,26.625000,P1,1,69,17.666667
RH,68,26.750000,P1,1,68,17.833333
RH,66,27.000000,P1,1,66,18.000000
LH,33,27.625000,P1,5,33,18.500000
LH,45,27.625000,P1,5,45,18.500000
LH,33,28.250000,P1,5,33,19.000000
LH,45,28.250000,P1,5,45,19.000000
RH,85,28.500000,P1,1,85,19.166667
RH,83,28.625000,P1,1,83,19.333333
RH,81,28.875000,P1,1,81,19.500000
RH,80,29.000000,P1,1,80,19.666667
RH,78,29.250000,P1,1,78,19.833333
RH,76,29.375000,P1,1,76,20.000000
RH,75,29.625000,P1,1,75,20.166667
RH,73,29.750000,P1,1,73,20.333333
LH,35,30.000000,P1,5,35,20.500000
LH,47,30.000000,P1,5,47,20.500000
RH,71,30.000000,P1,1,71,20.500000
RH,69,30.250000,P1,1,69,20.666667
RH,68,30.375000,P1,1,68,20.833333
LH,35,30.500000,P1,5,35,21.000000
LH,47,30.500000,P1,5,47,21.000000
RH,66,30.500000,P1,1,66,21.000000
RH,64,30.750000,P1,1,64,21.166667
RH,63,30.875000,P1,1,63,21.333333
LH,35,31.125000,P1,5,35,21.500000
LH,47,31.125000,P1,5,47,21.500000
RH,61,31.125000,P1,1,61,21.500000
LH,59,31.250000,P1,1,59,21.666667
LH,57,31.500000,P1,1,57,21.833333
LH,57,31.750000,P1,1,57,22.000000
LH,40,32.250000,P1,5,40,22.500000
LH,52,32.250000,P1,5,52,22.500000
LH,40,32.750000,P1,5,40,23.000000
LH,52,32.750000,P1,5,52,23.000000
LH,56,32.750000,P1,1,56,23.000000
LH,40,33.375000,P1,5,40,23.500000
LH,52,33.375000,P1,5,52,23.500000
RH,76,34.125000,P1,1,76,24.000000
LH,32,34.750000,P1,5,32,24.500000
LH,44,34.750000,P1,5,44,24.500000
LH,32,35.375000,P1,5,32,25.000000
LH,44,35.375000,P1,5,44,25.000000
RH,75,35.625000,P1,1,75,25.166667
RH,73,35.750000,P1,1,73,25.333333
RH,71,36.000000,P1,1,71,25.500000
RH,69,36.125000,P1,1,69,25.666667
RH,68,36.375000,P1,1,68,25.833333
RH,66,36.625000,P1,1,66,26.000000
LH,33,37.125000,P1,5,33,26.500000
LH,45,37.125000,P1,5,45,26.500000
LH,33,37.875000,P1,5,33,27.000000
LH,45,37.875000,P1,5,45,27.000000
RH,88,38.000000,P1,1,88,27.166667
RH,87,38.250000,P1,1,87,27.333333
RH,85,38.375000,P1,1,85,27.500000
RH,83,38.625000,P1,1,83,27.666667
RH,81,38.750000,P1,1,81,27.833333
RH,80,39.000000,P1,1,80,28.000000
RH,78,39.125000,P1,1,78,28.166667
RH,76,39.333333,P1,1,76,28.333333
LH,35,39.500000,P1,5,35,28.500000
LH,47,39.500000,P1,5,47,28.500000
RH,75,39.500000,P1,1,75,28.500000
RH,73,39.750000,P1,1,73,28.666667
RH,71,40.000000,P1,1,71,28.833333
LH,35,40.125000,P1,5,35,29.000000
LH,47,40.125000,P1,5,47,29.000000
RH,69,40.125000,P1,1,69,29.000000
RH,68,40.333333,P1,1,68,29.166667
RH,66,40.500000,P1,1,66,29.333333
LH,35,40.666667,P1,5,35,29.500000
LH,47,40.666667,P1,5,47,29.500000
RH,64,40.666667,P1,1,64,29.500000
RH,63,40.875000,P1,1,63,29.666667
RH,69,41.125000,P1,1,69,29.833333
RH,68,41.250000,P1,1,68,30.000000
RH,66,41.500000,P1,1,66,30.166667
RH,64,41.666667,P1,1,64,30.333333
LH,52,41.875000,P1,5,52,30.500000
RH,64,41.875000,P1,1,64,30.500000
LH,47,42.125000,P1,5,47,30.666667
LH,44,42.250000,P1,5,44,30.833333
LH,40,42.500000,P1,5,40,31.000000
RH,61,45.333333,P1,5,61,32.500000
RH,64,45.333333,P1,5,64,32.500000
RH,61,45.500000,P1,5,61,32.500000
RH,60,46.000000,P1,5,60,33.000000
RH,63,46.000000,P1,5,63,33.000000
RH,81,46.750000,P1,1,81,33.500000
RH,72,46.875000,P1,5,72,33.500000
RH,75,46.875000,P1,5,75,33.500000
RH,78,47.250000,P1,1,78,33.875000
RH,78,47.500000,P1,1,78,34.000000
RH,61,48.125000,P1,5,61,34.500000
RH,68,48.125000,P1,5,68,34.500000
RH,61,48.750000,P1,5,61,35.000000
RH,68,48.750000,P1,5,68,35.000000
RH,76,48.750000,P1,1,76,35.000000
RH,80,49.375000,P1,1,80,35.500000
RH,64,49.500000,P1,5,64,35.500000
RH,73,49.875000,P1,1,73,35.875000
RH,66,50.125000,P1,5,66,36.000000
RH,75,50.125000,P1,1,75,36.000000
RH,73,50.250000,P1,2,73,36.000000
RH,66,50.750000,P1,5,66,36.500000
RH,68,51.333333,P1,5,68,37.000000
RH,72,51.333333,P1,2,72,37.000000
RH,68,52.000000,P1,5,68,37.500000
RH,76,52.000000,P1,1,76,37.500000
RH,78,52.500000,P1,1,78,37.875000
RH,73,52.666667,P1,2,73,38.000000
RH,76,52.666667,P1,1,76,38.000000
RH,61,52.750000,P1,5,61,38.000000
RH,75,52.875000,P1,1,75,38.125000
RH,73,53.125000,P1,1,73,38.250000
LH,49,53.875000,P1,5,49,38.666667
RH,61,53.875000,P1,1,61,38.666667
LH,51,54.125000,P1,5,51,38.833333
RH,63,54.125000,P1,1,63,38.833333
LH,52,54.333333,P1,5,52,39.000000
RH,64,54.333333,P1,1,64,39.000000
LH,51,54.500000,P1,5,51,39.166667
RH,63,54.500000,P1,1,63,39.166667
LH,49,54.666667,P1,5,49,39.333333
RH,61,54.666667,P1,1,61,39.333333
LH,47,54.875000,P1,5,47,39.500000
LH,59,54.875000,P1,1,59,39.500000
LH,46,55.000000,P1,5,46,39.666667
LH,58,55.000000,P1,1,58,39.666667
LH,44,55.250000,P1,5,44,39.833333
LH,56,55.250000,P1,1,56,39.833333
LH,42,55.500000,P1,5,42,40.000000
LH,54,55.500000,P1,1,54,40.000000
RH,78,56.875000,P1,1,78,40.500000
LH,58,57.625000,P1,5,58,41.000000
RH,61,57.625000,P1,5,61,41.000000
RH,80,58.250000,P1,1,80,41.500000
RH,76,58.750000,P1,1,76,41.875000
RH,76,59.000000,P1,1,76,42.000000
LH,59,59.625000,P1,5,59,42.500000
RH,66,59.625000,P1,5,66,42.500000
LH,59,60.250000,P1,5,59,43.000000
RH,66,60.250000,P1,5,66,43.000000
RH,75,60.250000,P1,1,75,43.000000
RH,61,60.875000,P1,5,61,43.500000
RH,64,60.875000,P1,5,64,43.500000
RH,76,60.875000,P1,1,76,43.500000
RH,73,61.333333,P1,1,73,43.875000
RH,63,61.500000,P1,5,63,44.000000
RH,66,61.500000,P1,5,66,44.000000
RH,71,61.500000,P1,1,71,44.000000
RH,75,61.750000,P1,1,75,44.166667
RH,73,62.000000,P1,1,73,44.333333
RH,71,62.125000,P1,1,71,44.500000
RH,75,62.333333,P1,1,75,44.666667
RH,78,62.500000,P1,1,78,44.833333
RH,83,62.750000,P1,1,83,45.000000
RH,82,62.875000,P1,1,82,45.166667
RH,80,63.125000,P1,1,80,45.333333
RH,71,63.333333,P1,5,71,45.500000
RH,78,63.333333,P1,1,78,45.500000
RH,64,63.375000,P1,5,64,45.500000
RH,76,63.500000,P1,1,76,45.666667
RH,75,63.666667,P1,1,75,45.833333
RH,66,64.000000,P1,6,66,46.000000
RH,71,64.000000,P1,5,71,46.000000
RH,75,64.000000,P1,1,75,46.000000
RH,73,64.625000,P1,1,73,46.500000
RH,70,64.666667,P1,5,70,46.500000
LH,54,65.375000,P1,5,54,47.000000
LH,56,65.500000,P1,5,56,47.166667
LH,54,65.750000,P1,5,54,47.333333
LH,52,66.000000,P1,5,52,47.500000
LH,51,66.125000,P1,5,51,47.666667
LH,49,66.333333,P1,5,49,47.833333
LH,47,66.500000,P1,5,47,48.000000
RH,71,66.750000,P1,1,71,48.166667
RH,70,66.875000,P1,1,70,48.333333
RH,68,67.125000,P1,1,68,48.500000
RH,66,67.333333,P1,1,66,48.666667
RH,64,67.500000,P1,1,64,48.833333
RH,63,67.750000,P1,1,63,49.000000
RH,61,67.875000,P1,1,61,49.166667
LH,59,68.125000,P1,1,59,49.333333
LH,52,68.333333,P1,5,52,49.500000
LH,58,68.333333,P1,1,58,49.500000
RH,61,68.500000,P1,1,61,49.666667
RH,66,68.750000,P1,1,66,49.833333
LH,51,68.875000,P1,5,51,50.000000
LH,59,68.875000,P1,1,59,50.000000
RH,63,69.125000,P1,1,63,50.166667
RH,66,69.333333,P1,1,66,50.333333
LH,46,69.500000,P1,5,46,50.500000
RH,61,69.500000,P1,1,61,50.500000
RH,64,69.750000,P1,1,64,50.666667
RH,66,70.000000,P1,1,66,50.833333
LH,47,70.125000,P1,5,47,51.000000
RH,63,70.125000,P1,1,63,51.000000
RH,64,70.375000,P1,1,64,51.166667
RH,66,70.625000,P1,1,66,51.333333
LH,49,70.750000,P1,5,49,51.500000
RH,64,70.750000,P1,1,64,51.500000
RH,66,71.000000,P1,1,66,51.666667
RH,68,71.250000,P1,1,68,51.833333
LH,51,71.375000,P1,5,51,52.000000
RH,66,71.375000,P1,1,66,52.000000
RH,71,71.625000,P1,1,71,52.166667
RH,70,71.875000,P1,1,70,52.333333
RH,68,72.000000,P1,1,68,52.500000
RH,66,72.250000,P1,1,66,52.666667
RH,64,72.375000,P1,1,64,52.833333
RH,63,72.625000,P1,1,63,53.000000
RH,61,72.750000,P1,1,61,53.166667
LH,59,73.000000,P1,1,59,53.333333
LH,52,73.250000,P1,5,52,53.500000
LH,58,73.250000,P1,1,58,53.500000
RH,61,73.375000,P1,1,61,53.666667
RH,66,73.625000,P1,1,66,53.833333
LH,59,73.750000,P1,1,59,54.000000
LH,51,73.875000,P1,5,51,54.000000
RH,63,74.000000,P1,1,63,54.166667
RH,66,74.250000,P1,1,66,54.333333
LH,46,74.500000,P1,5,46,54.500000
RH,61,74.500000,P1,1,61,54.500000
RH,64,74.666667,P1,1,64,54.666667
RH,66,74.875000,P1,1,66,54.833333
LH,47,75.000000,P1,5,47,55.000000
RH,63,75.000000,P1,1,63,55.000000
RH,64,75.250000,P1,1,64,55.166667
RH,66,75.500000,P1,1,66,55.333333
LH,49,75.666667,P1,5,49,55.500000
RH,64,75.666667,P1,1,64,55.500000
RH,66,75.875000,P1,1,66,55.666667
RH,68,76.125000,P1,1,68,55.833333
LH,51,76.333333,P1,5,51,56.000000
RH,66,76.333333,P1,1,66,56.000000
RH,71,76.500000,P1,1,71,56.166667
RH,70,76.750000,P1,1,70,56.333333
RH,68,77.000000,P1,1,68,56.500000
RH,66,77.125000,P1,1,66,56.666667
RH,64,77.333333,P1,1,64,56.833333
RH,63,77.500000,P1,1,63,57.000000
RH,61,77.750000,P1,1,61,57.166667
LH,59,77.875000,P1,1,59,57.333333
RH,69,78.125000,P1,1,69,57.500000
RH,68,78.375000,P1,1,68,57.666667
RH,66,78.500000,P1,1,66,57.833333
RH,67,78.875000,P1,1,67,58.000000
LH,52,79.500000,P1,5,52,58.500000
LH,59,79.500000,P1,5,59,58.500000
LH,52,80.125000,P1,5,52,59.000000
RH,68,80.125000,P1,1,68,59.000000
LH,59,80.250000,P1,5,59,59.000000
RH,76,80.875000,P1,1,76,59.500000
RH,75,81.000000,P1,1,75,59.666667
RH,73,81.250000,P1,1,73,59.833333
RH,72,81.500000,P1,1,72,60.000000
RH,63,82.125000,P1,5,63,60.500000
RH,66,82.125000,P1,5,66,60.500000
RH,73,82.750000,P1,1,73,61.000000
RH,64,82.875000,P1,5,64,61.000000
RH,68,82.875000,P1,5,68,61.000000
RH,80,83.500000,P1,1,80,61.500000
RH,78,83.750000,P1,1,78,61.666667
RH,76,83.875000,P1,1,76,61.833333
RH,75,84.125000,P1,1,75,62.000000
RH,71,84.250000,P1,1,71,62.000000
RH,65,84.875000,P1,5,65,62.500000
RH,66,85.625000,P1,5,66,63.000000
RH,70,85.625000,P1,1,70,63.000000
RH,73,85.625000,P1,1,73,63.000000
RH,71,86.875000,P1,1,71,64.000000
RH,75,87.000000,P1,1,75,64.000000
RH,78,87.125000,P1,1,78,64.000000
LH,47,87.250000,P1,5,47,64.000000
RH,83,87.250000,P1,1,83,64.000000
LH,51,87.500000,P1,5,51,64.166667
LH,52,87.666667,P1,5,52,64.333333
LH,54,87.875000,P1,5,54,64.500000
LH,56,88.000000,P1,5,56,64.666667
LH,58,88.250000,P1,5,58,64.833333
LH,59,88.500000,P1,5,59,65.000000
RH,61,88.666667,P1,5,61,65.166667
RH,63,88.875000,P1,5,63,65.333333
RH,64,89.000000,P1,5,64,65.500000
RH,66,89.000000,P1,1,66,65.500000
RH,68,89.250000,P1,1,68,65.666667
RH,70,89.375000,P1,1,70,65.833333
RH,71,89.625000,P1,1,71,66.000000
RH,63,89.666667,P1,5,63,66.000000
RH,75,89.875000,P1,1,75,66.166667
RH,78,90.000000,P1,1,78,66.333333
RH,83,90.250000,P1,1,83,66.500000
RH,82,90.375000,P1,1,82,66.666667
RH,80,90.625000,P1,1,80,66.833333
RH,78,90.875000,P1,1,78,67.000000
RH,76,91.000000,P1,1,76,67.166667
RH,75,91.125000,P1,1,75,67.333333
LH,54,91.333333,P1,5,54,67.500000
LH,58,91.333333,P1,5,58,67.500000
RH,73,91.333333,P1,1,73,67.500000
RH,75,91.625000,P1,1,75,67.666667
RH,76,91.750000,P1,1,76,67.833333
LH,47,91.875000,P1,5,47,68.000000
RH,75,91.875000,P1,1,75,68.000000
LH,51,92.125000,P1,5,51,68.166667
LH,52,92.375000,P1,5,52,68.333333
LH,54,92.625000,P1,5,54,68.500000
LH,56,92.750000,P1,5,56,68.666667
LH,58,93.000000,P1,5,58,68.833333
LH,59,93.125000,P1,5,59,69.000000
RH,61,93.333333,P1,5,61,69.166667
RH,63,93.500000,P1,5,63,69.333333
RH,64,93.750000,P1,5,64,69.500000
RH,66,93.750000,P1,1,66,69.500000
RH,68,93.875000,P1,1,68,69.666667
RH,70,94.125000,P1,1,70,69.833333
RH,63,94.333333,P1,5,63,70.000000
RH,71,94.333333,P1,1,71,70.000000
RH,75,94.500000,P1,1,75,70.166667
RH,78,94.750000,P1,1,78,70.333333
RH,83,94.875000,P1,1,83,70.500000
RH,82,95.125000,P1,1,82,70.666667
RH,80,95.333333,P1,1,80,70.833333
RH,78,95.500000,P1,1,78,71.000000
RH,68,96.250000,P1,5,68,71.500000
RH,83,96.250000,P1,1,83,71.500000
RH,66,96.500000,P1,5,66,71.666667
RH,82,96.500000,P1,1,82,71.666667
RH,64,96.666667,P1,5,64,71.833333
RH,80,96.666667,P1,1,80,71.833333
RH,63,96.875000,P1,5,63,72.000000
RH,78,96.875000,P1,1,78,72.000000
RH,64,97.000000,P1,5,64,72.166667
RH,80,97.000000,P1,1,80,72.166667
RH,66,97.250000,P1,5,66,72.333333
RH,82,97.250000,P1,1,82,72.333333
RH,68,97.375000,P1,5,68,72.500000
RH,83,97.375000,P1,1,83,72.500000
RH,66,97.625000,P1,5,66,72.666667
RH,82,97.625000,P1,1,82,72.666667
RH,64,97.750000,P1,5,64,72.833333
RH,80,97.750000,P1,1,80,72.833333
RH,63,98.000000,P1,5,63,73.000000
RH,78,98.000000,P1,1,78,73.000000
RH,64,98.250000,P1,5,64,73.166667
RH,80,98.250000,P1,1,80,73.166667
RH,66,98.375000,P1,5,66,73.333333
RH,82,98.375000,P1,1,82,73.333333
RH,68,98.625000,P1,5,68,73.500000
RH,83,98.625000,P1,1,83,73.500000
RH,66,98.750000,P1,5,66,73.666667
RH,82,98.750000,P1,1,82,73.666667
RH,64,99.000000,P1,5,64,73.833333
RH,80,99.000000,P1,1,80,73.833333
RH,63,99.250000,P1,5,63,74.000000
RH,78,99.250000,P1,1,78,74.000000
RH,80,99.375000,P1,1,80,74.166667
RH,81,99.625000,P1,1,81,74.333333
RH,64,99.750000,P1,5,64,74.500000
RH,80,99.750000,P1,1,80,74.500000
RH,81,100.000000,P1,1,81,74.666667
RH,83,100.250000,P1,1,83,74.833333
RH,66,100.375000,P1,5,66,75.000000
RH,81,100.375000,P1,1,81,75.000000
LH,59,101.000000,P1,5,59,75.500000
RH,64,101.666667,P1,5,64,76.000000
RH,80,101.666667,P1,1,80,76.000000
RH,82,102.000000,P1,1,82,76.166667
RH,83,102.250000,P1,1,83,76.333333
RH,82,102.375000,P1,1,82,76.500000
RH,80,102.625000,P1,1,80,76.666667
RH,78,102.750000,P1,1,78,76.833333
RH,76,103.000000,P1,1,76,77.000000
RH,75,103.125000,P1,1,75,77.166667
RH,73,103.333333,P1,1,73,77.333333
RH,71,103.500000,P1,1,71,77.500000
RH,70,103.750000,P1,1,70,77.666667
RH,68,103.875000,P1,1,68,77.833333
RH,66,104.125000,P1,1,66,78.000000
LH,51,104.750000,P1,5,51,78.500000
LH,52,105.333333,P1,5,52,79.000000
RH,73,105.333333,P1,1,73,79.000000
LH,54,106.000000,P1,5,54,79.500000
LH,47,106.625000,P1,5,47,80.000000
RH,71,106.625000,P1,1,71,80.000000
LH,51,106.750000,P1,5,51,80.166667
LH,54,107.000000,P1,5,54,80.333333
LH,59,107.250000,P1,5,59,80.500000
LH,54,107.375000,P1,5,54,80.666667
LH,51,107.625000,P1,5,51,80.833333
LH,47,107.875000,P1,5,47,81.000000
RH,78,108.500000,P1,1,78,81.500000
RH,75,108.625000,P1,5,75,81.500000
RH,80,108.750000,P1,1,80,81.666667
RH,78,108.875000,P1,1,78,81.833333
RH,72,109.125000,P1,5,72,82.000000
RH,80,109.333333,P1,1,80,82.166667
RH,78,109.500000,P1,1,78,82.333333
RH,73,109.750000,P1,5,73,82.500000
RH,76,109.750000,P1,1,76,82.500000
RH,78,109.875000,P1,1,78,82.666667
RH,76,110.125000,P1,1,76,82.833333
RH,70,110.333333,P1,5,70,83.000000
RH,80,110.333333,P1,1,80,83.000000
RH,78,110.500000,P1,1,78,83.166667
RH,76,110.666667,P1,1,76,83.333333
RH,71,110.875000,P1,5,71,83.500000
RH,75,110.875000,P1,1,75,83.500000
RH,78,111.125000,P1,1,78,83.666667
RH,83,111.250000,P1,1,83,83.833333
RH,64,111.500000,P1,5,64,84.000000
RH,80,111.500000,P1,1,80,84.000000
RH,78,111.750000,P1,1,78,84.166667
RH,76,111.875000,P1,1,76,84.333333
RH,65,112.125000,P1,5,65,84.500000
RH,75,112.125000,P1,1,75,84.500000
RH,76,112.333333,P1,1,76,84.666667
RH,73,112.500000,P1,1,73,84.833333
RH,66,112.666667,P1,5,66,85.000000
RH,71,112.750000,P1,1,71,85.000000
LH,54,113.333333,P1,5,54,85.500000
RH,73,113.333333,P1,1,73,85.500000
LH,59,113.875000,P1,5,59,86.000000
RH,71,113.875000,P1,1,71,86.000000
LH,54,114.125000,P1,5,54,86.166667
LH,51,114.333333,P1,5,51,86.333333
LH,47,114.500000,P1,5,47,86.500000
LH,51,114.750000,P1,5,51,86.666667
LH,54,114.875000,P1,5,54,86.833333
LH,59,115.125000,P1,5,59,87.000000
RH,63,115.750000,P1,5,63,87.500000
RH,66,115.750000,P1,2,66,87.500000
RH,69,115.750000,P1,1,69,87.500000
RH,60,116.500000,P1,5,60,88.000000
RH,68,116.500000,P1,1,68,88.000000
RH,61,117.125000,P1,5,61,88.500000
RH,64,117.125000,P1,2,64,88.500000
LH,58,117.875000,P1,5,58,89.000000
RH,66,117.875000,P1,1,66,89.000000
RH,63,118.500000,P1,2,63,89.500000
LH,52,119.000000,P1,6,52,90.000000
LH,56,119.125000,P1,6,56,90.000000
RH,64,119.125000,P1,1,64,90.000000
RH,61,119.250000,P1,5,61,90.000000
RH,68,119.250000,P1,1,68,90.000000
RH,73,119.333333,P1,1,73,90.000000
RH,64,120.375000,P1,1,64,90.666667
RH,61,120.625000,P1,1,61,90.833333
LH,51,120.750000,P1,5,51,91.000000
LH,59,120.750000,P1,1,59,91.000000
LH,42,120.875000,P1,6,42,91.000000
LH,49,121.375000,P1,5,49,91.500000
LH,58,121.500000,P1,1,58,91.500000
LH,47,122.125000,P1,5,47,92.000000
LH,59,122.125000,P1,1,59,92.000000
RH,63,122.333333,P1,1,63,92.166667
RH,66,122.500000,P1,1,66,92.333333
RH,71,122.750000,P1,1,71,92.500000
RH,66,122.875000,P1,1,66,92.666667
RH,63,123.125000,P1,1,63,92.833333
LH,59,123.333333,P1,1,59,93.000000
LH,54,123.500000,P1,1,54,93.166667
LH,51,123.750000,P1,1,51,93.333333
LH,47,123.875000,P1,1,47,93.500000
LH,42,124.125000,P1,1,42,93.666667
LH,39,124.250000,P1,1,39,93.833333
LH,35,124.500000,P1,5,35,94.000000
RH,78,127.875000,P1,1,78,96.000000
RH,75,128.000000,P1,2,75,96.000000
LH,59,128.625000,P1,5,59,96.500000
RH,66,129.250000,P1,5,66,97.000000
RH,76,129.875000,P1,1,76,97.500000
RH,73,130.000000,P1,2,73,97.500000
RH,75,130.625000,P1,1,75,98.000000
RH,71,130.666667,P1,2,71,98.000000
RH,68,131.250000,P1,5,68,98.500000
RH,73,131.875000,P1,1,73,99.000000
RH,65,132.000000,P1,5,65,99.000000
RH,66,132.500000,P1,5,66,99.500000
RH,70,132.500000,P1,2,70,99.500000
RH,63,133.250000,P1,6,63,100.000000
RH,71,133.250000,P1,1,71,100.000000
LH,59,134.000000,P1,6,59,100.500000
RH,73,134.250000,P1,1,73,100.750000
RH,75,134.375000,P1,1,75,100.875000
LH,58,134.500000,P1,6,58,101.000000
RH,76,134.500000,P1,1,76,101.000000
LH,59,135.125000,P1,6,59,101.500000
RH,75,135.125000,P1,1,75,101.500000
RH,73,135.750000,P1,1,73,102.000000
RH,64,135.875000,P1,5,64,102.000000
RH,68,135.875000,P1,5,68,102.000000
RH,73,136.000000,P1,1,73,102.000000
RH,63,136.500000,P1,5,63,102.500000
RH,66,136.500000,P1,5,66,102.500000
RH,71,136.500000,P1,1,71,102.500000
RH,73,137.875000,P1,1,73,103.250000
RH,75,138.000000,P1,1,75,103.375000
RH,76,138.125000,P1,1,76,103.500000
RH,78,138.333333,P1,1,78,103.625000
RH,80,138.500000,P1,1,80,103.750000
RH,81,138.625000,P1,1,81,103.875000
RH,80,138.875000,P1,2,80,104.000000
RH,83,138.875000,P1,1,83,104.000000
RH,64,139.500000,P1,5,64,104.500000
RH,71,140.250000,P1,5,71,105.000000
RH,81,140.875000,P1,1,81,105.500000
RH,78,141.000000,P1,2,78,105.500000
RH,80,141.500000,P1,1,80,106.000000
RH,76,141.750000,P1,2,76,106.000000
RH,73,142.250000,P1,5,73,106.500000
RH,78,142.875000,P1,1,78,107.000000
RH,70,143.000000,P1,5,70,107.000000
RH,75,143.500000,P1,2,75,107.500000
RH,71,143.625000,P1,5,71,107.500000
RH,76,144.250000,P1,1,76,108.000000
RH,68,144.333333,P1,5,68,108.000000
RH,69,144.875000,P1,5,69,108.500000
RH,73,144.875000,P1,2,73,108.500000
RH,75,145.625000,P1,1,75,109.000000
RH,66,145.666667,P1,5,66,109.000000
RH,68,146.250000,P1,5,68,109.500000
RH,72,146.250000,P1,2,72,109.500000
RH,64,146.875000,P1,6,64,110.000000
RH,73,146.875000,P1,1,73,110.000000
RH,61,147.625000,P1,6,61,110.500000
RH,75,147.875000,P1,1,75,110.750000
RH,76,148.125000,P1,1,76,110.875000
RH,60,148.250000,P1,6,60,111.000000
RH,78,148.250000,P1,1,78,111.000000
RH,61,148.875000,P1,6,61,111.500000
RH,76,148.875000,P1,1,76,111.500000
RH,75,149.500000,P1,1,75,112.000000
LH,56,149.625000,P1,5,56,112.000000
RH,72,149.625000,P1,2,72,112.000000
RH,68,149.666667,P1,2,68,112.000000
RH,60,149.875000,P1,5,60,112.166667
RH,63,150.000000,P1,5,63,112.333333
LH,56,150.125000,P1,5,56,112.500000
RH,80,150.125000,P1,1,80,112.500000
RH,60,150.500000,P1,5,60,112.666667
RH,63,150.666667,P1,5,63,112.833333
LH,56,150.875000,P1,5,56,113.000000
RH,80,150.875000,P1,1,80,113.000000
RH,60,151.125000,P1,5,60,113.166667
RH,63,151.333333,P1,5,63,113.333333
RH,80,151.500000,P1,1,80,113.500000
LH,56,151.625000,P1,5,56,113.500000
RH,60,151.750000,P1,5,60,113.666667
RH,63,152.000000,P1,5,63,113.833333
RH,80,152.125000,P1,1,80,114.000000
LH,56,152.250000,P1,5,56,114.000000
RH,61,152.375000,P1,5,61,114.166667
RH,64,152.500000,P1,5,64,114.333333
LH,56,152.875000,P1,5,56,114.500000
RH,61,153.000000,P1,5,61,114.666667
RH,64,153.250000,P1,5,64,114.833333
LH,56,153.500000,P1,5,56,115.000000
RH,68,153.500000,P1,1,68,115.000000
RH,61,153.666667,P1,5,61,115.166667
RH,64,153.875000,P1,5,64,115.333333
LH,56,154.125000,P1,5,56,115.500000
RH,61,154.333333,P1,5,61,115.666667
RH,64,154.500000,P1,5,64,115.833333
LH,56,154.750000,P1,5,56,116.000000
RH,63,155.000000,P1,5,63,116.166667
RH,66,155.125000,P1,5,66,116.333333
LH,56,155.375000,P1,5,56,116.500000
RH,80,155.375000,P1,1,80,116.500000
RH,63,155.666667,P1,5,63,116.666667
RH,66,155.875000,P1,5,66,116.833333
LH,56,156.000000,P1,5,56,117.000000
RH,80,156.000000,P1,1,80,117.000000
RH,63,156.333333,P1,5,63,117.166667
RH,66,156.500000,P1,5,66,117.333333
LH,56,156.666667,P1,5,56,117.500000
RH,80,156.666667,P1,1,80,117.500000
RH,63,156.875000,P1,5,63,117.666667
RH,66,157.125000,P1,5,66,117.833333
LH,56,157.250000,P1,5,56,118.000000
RH,80,157.250000,P1,1,80,118.000000
RH,61,157.500000,P1,5,61,118.166667
RH,64,157.666667,P1,5,64,118.333333
LH,56,157.875000,P1,5,56,118.500000
RH,61,158.125000,P1,5,61,118.666667
RH,64,158.333333,P1,5,64,118.833333
LH,56,158.500000,P1,5,56,119.000000
RH,68,158.625000,P1,1,68,119.000000
RH,61,158.875000,P1,5,61,119.166667
RH,64,159.000000,P1,5,64,119.333333
LH,56,159.250000,P1,5,56,119.500000
RH,61,159.500000,P1,5,61,119.666667
RH,64,159.666667,P1,5,64,119.833333
LH,56,159.875000,P1,5,56,120.000000
LH,59,160.125000,P1,5,59,120.166667
RH,65,160.333333,P1,5,65,120.333333
LH,56,160.500000,P1,5,56,120.500000
RH,86,160.500000,P1,1,86,120.500000
LH,59,160.750000,P1,5,59,120.666667
RH,65,161.000000,P1,5,65,120.833333
LH,56,161.125000,P1,5,56,121.000000
RH,86,161.125000,P1,1,86,121.000000
LH,59,161.375000,P1,5,59,121.166667
RH,65,161.625000,P1,5,65,121.333333
LH,56,161.750000,P1,5,56,121.500000
RH,86,161.750000,P1,1,86,121.500000
RH,65,162.250000,P1,5,65,121.833333
RH,86,162.333333,P1,1,86,122.000000
LH,56,162.375000,P1,5,56,122.000000
LH,59,162.500000,P1,5,59,122.166667
RH,65,162.750000,P1,5,65,122.333333
LH,56,163.000000,P1,5,56,122.500000
LH,59,163.250000,P1,5,59,122.666667
RH,65,163.375000,P1,5,65,122.833333
LH,56,163.625000,P1,5,56,123.000000
RH,77,163.625000,P1,1,77,123.000000
LH,59,163.875000,P1,5,59,123.166667
RH,65,164.000000,P1,5,65,123.333333
LH,56,164.250000,P1,5,56,123.500000
LH,59,164.500000,P1,5,59,123.666667
RH,65,164.666667,P1,5,65,123.833333
LH,57,165.000000,P1,5,57,124.000000
RH,61,165.000000,P1,5,61,124.000000
RH,66,165.000000,P1,5,66,124.000000
RH,85,165.250000,P1,1,85,124.166667
RH,83,165.375000,P1,1,83,124.333333
RH,81,165.625000,P1,1,81,124.500000
RH,80,165.750000,P1,1,80,124.666667
RH,78,166.000000,P1,1,78,124.833333
LH,57,166.125000,P1,5,57,125.000000
RH,66,166.125000,P1,5,66,125.000000
RH,61,166.250000,P1,5,61,125.000000
RH,85,166.375000,P1,1,85,125.166667
RH,83,166.625000,P1,1,83,125.333333
RH,81,166.875000,P1,1,81,125.500000
RH,80,167.000000,P1,1,80,125.666667
RH,78,167.250000,P1,1,78,125.833333
LH,57,167.500000,P1,5,57,126.000000
RH,61,167.500000,P1,5,61,126.000000
RH,88,167.750000,P1,1,88,126.166667
RH,87,168.000000,P1,1,87,126.333333
RH,85,168.250000,P1,1,85,126.500000
RH,83,168.375000,P1,1,83,126.666667
RH,81,168.625000,P1,1,81,126.833333
RH,80,168.875000,P1,1,80,127.000000
RH,79,169.500000,P1,1,79,127.500000
LH,56,170.625000,P1,6,56,128.000000
RH,61,170.625000,P1,5,61,128.000000
RH,79,170.625000,P1,1,79,128.000000
RH,60,172.500000,P1,5,60,129.000000
RH,80,172.750000,P1,1,80,129.000000
LH,37,177.000000,P1,5,37,132.000000
LH,49,177.000000,P1,5,49,132.000000
RH,73,177.250000,P1,1,73,132.166667
RH,71,177.375000,P1,1,71,132.333333
RH,69,177.625000,P1,1,69,132.500000
RH,68,177.875000,P1,1,68,132.666667
RH,66,178.000000,P1,1,66,132.833333
RH,64,178.250000,P1,1,64,133.000000
RH,63,178.500000,P1,1,63,133.166667
RH,61,178.666667,P1,1,61,133.333333
LH,54,178.875000,P1,5,54,133.500000
RH,60,178.875000,P1,1,60,133.500000
RH,63,179.000000,P1,1,63,133.666667
RH,68,179.250000,P1,1,68,133.833333
LH,52,179.500000,P1,5,52,134.000000
RH,61,179.500000,P1,1,61,134.000000
RH,64,179.666667,P1,1,64,134.166667
RH,68,179.875000,P1,1,68,134.333333
LH,48,180.000000,P1,5,48,134.500000
RH,63,180.000000,P1,1,63,134.500000
RH,66,180.250000,P1,1,66,134.666667
RH,68,180.500000,P1,1,68,134.833333
LH,49,180.666667,P1,5,49,135.000000
RH,64,180.666667,P1,1,64,135.000000
RH,66,180.875000,P1,1,66,135.166667
RH,68,181.125000,P1,1,68,135.333333
LH,51,181.250000,P1,5,51,135.500000
RH,66,181.250000,P1,1,66,135.500000
RH,68,181.500000,P1,1,68,135.666667
RH,69,181.666667,P1,1,69,135.833333
LH,52,181.875000,P1,5,52,136.000000
RH,68,181.875000,P1,1,68,136.000000
RH,73,182.125000,P1,1,73,136.166667
RH,71,182.333333,P1,1,71,136.333333
RH,69,182.500000,P1,1,69,136.500000
RH,68,182.750000,P1,1,68,136.666667
RH,66,183.000000,P1,1,66,136.833333
RH,64,183.125000,P1,1,64,137.000000
RH,63,183.375000,P1,1,63,137.166667
RH,61,183.500000,P1,1,61,137.333333
LH,54,183.750000,P1,5,54,137.500000
RH,60,183.750000,P1,1,60,137.500000
RH,63,184.000000,P1,1,63,137.666667
RH,68,184.250000,P1,1,68,137.833333
LH,52,184.375000,P1,5,52,138.000000
RH,61,184.375000,P1,1,61,138.000000
RH,64,184.625000,P1,1,64,138.166667
RH,68,184.750000,P1,1,68,138.333333
LH,48,185.000000,P1,5,48,138.500000
RH,63,185.000000,P1,1,63,138.500000
RH,66,185.125000,P1,1,66,138.666667
RH,68,185.375000,P1,1,68,138.833333
LH,49,185.625000,P1,5,49,139.000000
RH,64,185.625000,P1,1,64,139.000000
RH,66,185.750000,P1,1,66,139.166667
RH,68,186.000000,P1,1,68,139.333333
LH,51,186.125000,P1,5,51,139.500000
RH,66,186.125000,P1,1,66,139.500000
RH,68,186.375000,P1,1,68,139.666667
RH,69,186.625000,P1,1,69,139.833333
LH,52,186.750000,P1,5,52,140.000000
RH,68,186.875000,P1,1,68,140.000000
RH,73,187.000000,P1,1,73,140.166667
RH,71,187.250000,P1,1,71,140.333333
RH,69,187.375000,P1,1,69,140.500000
RH,68,187.625000,P1,1,68,140.666667
RH,66,187.875000,P1,1,66,140.833333
RH,64,188.000000,P1,1,64,141.000000
RH,63,188.250000,P1,1,63,141.166667
RH,61,188.500000,P1,1,61,141.333333
LH,54,188.625000,P1,5,54,141.500000
RH,60,188.625000,P1,1,60,141.500000
RH,63,188.875000,P1,1,63,141.666667
RH,68,189.125000,P1,1,68,141.833333
LH,52,189.333333,P1,5,52,142.000000
RH,61,189.333333,P1,1,61,142.000000
RH,64,189.625000,P1,1,64,142.166667
RH,68,189.875000,P1,1,68,142.333333
RH,61,190.000000,P1,1,61,142.500000
RH,64,190.250000,P1,1,64,142.666667
RH,68,190.500000,P1,1,68,142.833333
LH,40,190.750000,P1,6,40,143.000000
LH,59,190.750000,P1,1,59,143.000000
RH,62,191.000000,P1,1,62,143.166667
RH,68,191.125000,P1,1,68,143.333333
LH,59,191.375000,P1,1,59,143.500000
RH,62,191.625000,P1,1,62,143.666667
RH,68,191.875000,P1,1,68,143.833333
RH,61,192.000000,P1,1,61,144.000000
RH,64,192.250000,P1,1,64,144.166667
RH,69,192.500000,P1,1,69,144.333333
RH,61,192.666667,P1,1,61,144.500000
RH,64,192.875000,P1,1,64,144.666667
RH,69,193.125000,P1,1,69,144.833333
LH,44,193.333333,P1,6,44,145.000000
RH,64,193.333333,P1,1,64,145.000000
RH,71,193.500000,P1,1,71,145.166667
RH,74,193.750000,P1,1,74,145.333333
RH,64,194.000000,P1,1,64,145.500000
RH,71,194.250000,P1,1,71,145.666667
RH,74,194.500000,P1,1,74,145.833333
LH,45,194.666667,P1,6,45,146.000000
RH,64,194.666667,P1,1,64,146.000000
RH,69,194.875000,P1,1,69,146.166667
RH,73,195.125000,P1,1,73,146.333333
RH,64,195.333333,P1,1,64,146.500000
RH,69,195.500000,P1,1,69,146.666667
RH,73,195.750000,P1,1,73,146.833333
LH,41,196.000000,P1,6,41,147.000000
LH,49,196.000000,P1,5,49,147.000000
RH,61,196.000000,P1,1,61,147.000000
RH,68,196.250000,P1,1,68,147.166667
RH,71,196.375000,P1,1,71,147.333333
RH,61,196.625000,P1,1,61,147.500000
RH,68,196.875000,P1,1,68,147.666667
RH,71,197.000000,P1,1,71,147.833333
LH,42,197.333333,P1,5,42,148.000000
LH,54,197.333333,P1,5,54,148.000000
RH,61,197.333333,P1,1,61,148.000000
RH,66,197.500000,P1,1,66,148.166667
RH,70,197.750000,P1,1,70,148.333333
RH,61,198.000000,P1,1,61,148.500000
RH,67,198.250000,P1,1,67,148.666667
RH,70,198.375000,P1,1,70,148.833333
RH,61,198.625000,P1,1,61,149.000000
RH,66,198.750000,P1,1,66,149.166667
RH,70,199.000000,P1,1,70,149.333333
RH,61,199.250000,P1,1,61,149.500000
RH,64,199.375000,P1,1,64,149.666667
RH,70,199.625000,P1,1,70,149.833333
LH,35,199.875000,P1,5,35,150.000000
LH,47,199.875000,P1,5,47,150.000000
LH,59,199.875000,P1,1,59,150.000000
RH,63,200.125000,P1,1,63,150.166667
RH,69,200.250000,P1,1,69,150.333333
RH,60,200.500000,P1,1,60,150.500000
RH,63,200.666667,P1,1,63,150.666667
RH,69,200.875000,P1,1,69,150.833333
LH,59,201.125000,P1,1,59,151.000000
RH,63,201.333333,P1,1,63,151.166667
RH,69,201.500000,P1,1,69,151.333333
LH,57,201.750000,P1,1,57,151.500000
RH,63,201.875000,P1,1,63,151.666667
RH,69,202.125000,P1,1,69,151.833333
LH,40,202.333333,P1,5,40,152.000000
LH,52,202.333333,P1,5,52,152.000000
LH,59,202.333333,P1,1,59,152.000000
RH,64,202.500000,P1,1,64,152.166667
RH,68,202.750000,P1,1,68,152.333333
LH,53,203.000000,P1,5,53,152.500000
LH,59,203.000000,P1,1,59,152.500000
RH,64,203.125000,P1,1,64,152.666667
RH,68,203.375000,P1,1,68,152.833333
LH,40,203.625000,P1,5,40,153.000000
LH,52,203.625000,P1,5,52,153.000000
LH,59,203.625000,P1,1,59,153.000000
RH,64,203.875000,P1,1,64,153.166667
RH,68,204.125000,P1,1,68,153.333333
LH,38,204.250000,P1,5,38,153.500000
LH,50,204.250000,P1,5,50,153.500000
LH,59,204.250000,P1,1,59,153.500000
RH,64,204.500000,P1,1,64,153.666667
RH,68,204.666667,P1,1,68,153.833333
LH,37,204.875000,P1,5,37,154.000000
LH,49,204.875000,P1,5,49,154.000000
LH,57,204.875000,P1,1,57,154.000000
RH,64,205.125000,P1,1,64,154.166667
RH,69,205.250000,P1,1,69,154.333333
LH,57,205.500000,P1,1,57,154.500000
RH,64,205.666667,P1,1,64,154.666667
RH,69,205.875000,P1,1,69,154.833333
LH,42,206.125000,P1,5,42,155.000000
LH,54,206.125000,P1,5,54,155.000000
RH,61,206.125000,P1,1,61,155.000000
RH,64,206.375000,P1,1,64,155.166667
RH,70,206.625000,P1,1,70,155.333333
RH,61,206.750000,P1,1,61,155.500000
RH,64,207.000000,P1,1,64,155.666667
RH,70,207.125000,P1,1,70,155.833333
LH,35,207.375000,P1,5,35,156.000000
LH,47,207.375000,P1,5,47,156.000000
LH,59,207.375000,P1,1,59,156.000000
RH,63,207.625000,P1,1,63,156.166667
RH,66,207.875000,P1,1,66,156.333333
RH,71,208.000000,P1,1,71,156.500000
RH,66,208.250000,P1,1,66,156.666667
RH,63,208.500000,P1,1,63,156.833333
LH,59,208.666667,P1,1,59,157.000000
RH,63,208.875000,P1,1,63,157.166667
RH,66,209.000000,P1,1,66,157.333333
LH,42,209.250000,P1,5,42,157.500000
LH,54,209.250000,P1,5,54,157.500000
RH,61,209.250000,P1,1,61,157.500000
RH,64,209.500000,P1,1,64,157.666667
LH,35,209.875000,P1,5,35,158.000000
LH,47,209.875000,P1,5,47,158.000000
LH,59,209.875000,P1,1,59,158.000000
RH,63,210.125000,P1,1,63,158.166667
RH,66,210.333333,P1,1,66,158.333333
RH,71,210.500000,P1,1,71,158.500000
RH,66,210.666667,P1,1,66,158.666667
RH,63,210.875000,P1,1,63,158.833333
LH,59,211.125000,P1,1,59,159.000000
RH,63,211.333333,P1,1,63,159.166667
RH,66,211.500000,P1,1,66,159.333333
LH,42,211.666667,P1,5,42,159.500000
LH,54,211.666667,P1,5,54,159.500000
RH,61,211.666667,P1,1,61,159.500000
RH,64,211.875000,P1,1,64,159.666667
RH,70,212.125000,P1,1,70,159.833333
LH,35,212.375000,P1,5,35,160.000000
LH,47,212.375000,P1,5,47,160.000000
LH,59,212.375000,P1,1,59,160.000000
RH,63,212.750000,P1,1,63,160.166667
RH,66,213.000000,P1,1,66,160.333333
RH,71,213.125000,P1,1,71,160.500000
RH,66,213.375000,P1,1,66,160.666667
RH,63,213.625000,P1,1,63,160.833333
LH,59,213.875000,P1,1,59,161.000000
LH,54,214.000000,P1,1,54,161.166667
LH,51,214.250000,P1,1,51,161.333333
LH,47,214.375000,P1,1,47,161.500000
LH,42,214.625000,P1,1,42,161.666667
LH,39,214.875000,P1,1,39,161.833333
LH,35,215.125000,P1,5,35,162.000000
RH,80,219.333333,P1,1,80,163.666667
RH,81,219.500000,P1,1,81,163.833333
RH,80,219.750000,P1,2,80,164.000000
RH,83,219.750000,P1,1,83,164.000000
RH,63,220.000000,P1,5,63,164.166667
RH,64,220.250000,P1,5,64,164.333333
RH,66,220.375000,P1,5,66,164.500000
RH,68,220.625000,P1,5,68,164.666667
RH,69,220.750000,P1,5,69,164.833333
RH,71,221.125000,P1,5,71,165.000000
RH,78,221.875000,P1,2,78,165.500000
RH,81,221.875000,P1,1,81,165.500000
RH,80,222.500000,P1,1,80,166.000000
RH,76,222.625000,P1,2,76,166.000000
RH,73,223.250000,P1,5,73,166.500000
RH,78,223.875000,P1,1,78,167.000000
RH,70,224.000000,P1,5,70,167.000000
RH,71,224.500000,P1,5,71,167.500000
RH,75,224.500000,P1,2,75,167.500000
RH,76,225.250000,P1,1,76,168.000000
RH,68,225.333333,P1,6,68,168.000000
RH,64,225.875000,P1,6,64,168.500000
RH,78,226.250000,P1,1,78,168.750000
RH,80,226.375000,P1,1,80,168.875000
RH,63,226.500000,P1,6,63,169.000000
RH,81,226.500000,P1,1,81,169.000000
RH,64,227.250000,P1,6,64,169.500000
RH,80,227.250000,P1,1,80,169.500000
RH,69,227.875000,P1,6,69,170.000000
RH,73,227.875000,P1,5,73,170.000000
RH,78,227.875000,P1,1,78,170.000000
RH,78,228.125000,P1,1,78,170.000000
RH,68,228.625000,P1,6,68,170.500000
RH,71,228.625000,P1,5,71,170.500000
RH,76,228.625000,P1,1,76,170.500000
RH,71,231.125000,P1,1,71,172.000000
RH,68,231.250000,P1,1,68,172.000000
LH,52,231.750000,P1,5,52,172.500000
LH,59,232.500000,P1,5,59,173.000000
RH,67,233.125000,P1,1,67,173.500000
RH,70,233.125000,P1,1,70,173.500000
RH,69,233.750000,P1,1,69,174.000000
RH,66,233.875000,P1,1,66,174.000000
RH,61,234.500000,P1,5,61,174.500000
RH,65,234.500000,P1,1,65,174.500000
RH,68,234.500000,P1,1,68,174.500000
RH,67,235.125000,P1,1,67,175.000000
LH,58,235.250000,P1,5,58,175.000000
RH,64,235.250000,P1,1,64,175.000000
LH,59,235.875000,P1,5,59,175.500000
RH,63,235.875000,P1,1,63,175.500000
RH,66,235.875000,P1,1,66,175.500000
LH,56,236.500000,P1,6,56,176.000000
RH,64,236.500000,P1,1,64,176.000000
LH,52,237.125000,P1,6,52,176.500000
RH,66,237.500000,P1,1,66,176.750000
RH,68,237.625000,P1,1,68,176.875000
LH,51,237.750000,P1,6,51,177.000000
RH,69,237.750000,P1,1,69,177.000000
LH,52,238.375000,P1,6,52,177.500000
RH,68,238.375000,P1,1,68,177.500000
LH,45,239.125000,P1,5,45,178.000000
RH,64,239.125000,P1,1,64,178.000000
RH,69,239.125000,P1,1,69,178.000000
RH,73,239.125000,P1,1,73,178.000000
LH,52,239.875000,P1,5,52,178.500000
RH,64,239.875000,P1,1,64,178.500000
RH,68,239.875000,P1,1,68,178.500000
RH,71,239.875000,P1,1,71,178.500000
RH,76,242.000000,P1,1,76,180.000000
LH,32,242.500000,P1,5,32,180.500000
LH,44,242.500000,P1,5,44,180.500000
LH,32,243.250000,P1,5,32,181.000000
LH,44,243.250000,P1,5,44,181.000000
RH,75,243.375000,P1,1,75,181.166667
RH,73,243.500000,P1,1,73,181.333333
RH,71,243.750000,P1,1,71,181.500000
RH,69,244.000000,P1,1,69,181.666667
RH,68,244.125000,P1,1,68,181.833333
RH,66,244.333333,P1,1,66,182.000000
LH,33,245.000000,P1,5,33,182.500000
LH,45,245.000000,P1,5,45,182.500000
LH,33,245.625000,P1,5,33,183.000000
LH,45,245.625000,P1,5,45,183.000000
RH,85,245.875000,P1,1,85,183.166667
RH,83,246.000000,P1,1,83,183.333333
RH,81,246.250000,P1,1,81,183.500000
RH,80,246.500000,P1,1,80,183.666667
RH,78,246.625000,P1,1,78,183.833333
RH,76,246.875000,P1,1,76,184.000000
RH,75,247.000000,P1,1,75,184.166667
RH,73,247.125000,P1,1,73,184.333333
LH,35,247.375000,P1,5,35,184.500000
LH,47,247.375000,P1,5,47,184.500000
RH,71,247.375000,P1,1,71,184.500000
RH,69,247.625000,P1,1,69,184.666667
RH,68,247.750000,P1,1,68,184.833333
LH,35,247.875000,P1,5,35,185.000000
LH,47,247.875000,P1,5,47,185.000000
RH,66,247.875000,P1,1,66,185.000000
RH,64,248.125000,P1,1,64,185.166667
RH,63,248.333333,P1,1,63,185.333333
LH,35,248.500000,P1,5,35,185.500000
LH,47,248.500000,P1,5,47,185.500000
RH,61,248.500000,P1,1,61,185.500000
LH,59,248.666667,P1,1,59,185.666667
LH,57,248.875000,P1,1,57,185.833333
LH,59,249.125000,P1,1,59,186.000000
LH,57,249.625000,P1,1,57,186.500000
LH,40,249.666667,P1,5,40,186.500000
LH,52,249.666667,P1,5,52,186.500000
LH,57,249.875000,P1,1,57,186.500000
LH,52,250.250000,P1,5,52,187.000000
LH,40,250.333333,P1,5,40,187.000000
LH,56,250.375000,P1,1,56,187.000000
LH,40,251.000000,P1,5,40,187.500000
LH,52,251.000000,P1,5,52,187.500000
LH,32,252.125000,P1,5,32,188.500000
LH,44,252.125000,P1,5,44,188.500000
LH,32,252.875000,P1,5,32,189.000000
LH,44,252.875000,P1,5,44,189.000000
RH,75,253.125000,P1,1,75,189.166667
RH,73,253.250000,P1,1,73,189.333333
RH,71,253.500000,P1,1,71,189.500000
RH,69,253.625000,P1,1,69,189.666667
RH,68,253.750000,P1,1,68,189.833333
RH,66,254.000000,P1,1,66,190.000000
LH,33,254.666667,P1,5,33,190.500000
LH,45,254.666667,P1,5,45,190.500000
LH,33,255.333333,P1,5,33,191.000000
LH,45,255.333333,P1,5,45,191.000000
RH,88,255.500000,P1,1,88,191.166667
RH,87,255.750000,P1,1,87,191.333333
RH,85,256.000000,P1,1,85,191.500000
RH,83,256.125000,P1,1,83,191.666667
RH,81,256.375000,P1,1,81,191.833333
RH,80,256.625000,P1,1,80,192.000000
RH,78,256.750000,P1,1,78,192.166667
RH,76,256.875000,P1,1,76,192.333333
LH,35,257.125000,P1,5,35,192.500000
LH,47,257.125000,P1,5,47,192.500000
RH,75,257.125000,P1,1,75,192.500000
RH,73,257.333333,P1,1,73,192.666667
RH,71,257.500000,P1,1,71,192.833333
LH,35,257.750000,P1,5,35,193.000000
LH,47,257.750000,P1,5,47,193.000000
RH,69,257.750000,P1,1,69,193.000000
RH,68,257.875000,P1,1,68,193.166667
RH,66,258.125000,P1,1,66,193.333333
LH,35,258.333333,P1,5,35,193.500000
RH,64,258.333333,P1,1,64,193.500000
LH,47,258.375000,P1,5,47,193.500000
RH,63,258.500000,P1,1,63,193.666667
RH,69,258.666667,P1,1,69,193.833333
RH,68,258.875000,P1,1,68,194.000000
RH,66,259.125000,P1,1,66,194.166667
RH,64,259.250000,P1,1,64,194.333333
LH,52,259.375000,P1,5,52,194.500000
RH,64,259.500000,P1,1,64,194.500000
LH,56,259.625000,P1,5,56,194.666667
LH,59,259.875000,P1,5,59,194.833333
RH,64,260.000000,P1,5,64,195.000000
LH,59,260.250000,P1,5,59,195.166667
LH,56,260.500000,P1,5,56,195.333333
RH,62,260.666667,P1,5,62,195.500000
LH,59,260.875000,P1,5,59,195.666667
LH,56,261.125000,P1,5,56,195.833333
LH,53,261.500000,P1,5,53,196.000000
RH,73,261.625000,P1,1,73,196.000000
RH,66,262.375000,P1,5,66,196.500000
RH,69,262.375000,P1,5,69,196.500000
RH,65,263.000000,P1,5,65,197.000000
RH,68,263.000000,P1,5,68,197.000000
RH,85,263.250000,P1,1,85,197.250000
RH,85,263.500000,P1,1,85,197.250000
RH,80,263.666667,P1,5,80,197.500000
RH,86,263.666667,P1,1,86,197.500000
RH,77,263.750000,P1,5,77,197.500000
RH,83,264.250000,P1,1,83,197.875000
RH,83,264.500000,P1,1,83,198.000000
RH,66,265.125000,P1,5,66,198.500000
RH,73,265.125000,P1,5,73,198.500000
RH,66,265.666667,P1,5,66,199.000000
RH,73,265.666667,P1,5,73,199.000000
RH,81,265.666667,P1,1,81,199.000000
RH,69,266.375000,P1,5,69,199.500000
RH,85,266.375000,P1,1,85,199.500000
RH,78,266.875000,P1,1,78,199.875000
RH,80,267.000000,P1,1,80,200.000000
RH,71,267.125000,P1,5,71,200.000000
RH,78,267.125000,P1,2,78,200.000000
RH,73,268.333333,P1,5,73,201.000000
RH,77,268.375000,P1,2,77,201.000000
RH,73,269.000000,P1,5,73,201.500000
RH,81,269.000000,P1,1,81,201.500000
RH,83,269.500000,P1,1,83,201.875000
RH,66,269.625000,P1,5,66,202.000000
RH,78,269.625000,P1,2,78,202.000000
RH,81,269.625000,P1,1,81,202.000000
RH,80,269.875000,P1,1,80,202.125000
RH,78,270.125000,P1,1,78,202.250000
LH,54,270.875000,P1,5,54,202.666667
RH,66,270.875000,P1,1,66,202.666667
LH,56,271.125000,P1,5,56,202.833333
RH,68,271.125000,P1,1,68,202.833333
LH,57,271.250000,P1,5,57,203.000000
RH,69,271.250000,P1,1,69,203.000000
LH,56,271.500000,P1,5,56,203.166667
RH,68,271.500000,P1,1,68,203.166667
LH,54,271.666667,P1,5,54,203.333333
RH,66,271.666667,P1,1,66,203.333333
LH,52,271.875000,P1,5,52,203.500000
RH,64,271.875000,P1,1,64,203.500000
LH,51,272.000000,P1,5,51,203.666667
RH,63,272.000000,P1,1,63,203.666667
LH,49,272.250000,P1,5,49,203.833333
RH,61,272.250000,P1,1,61,203.833333
LH,47,272.500000,P1,5,47,204.000000
LH,59,272.500000,P1,1,59,204.000000
RH,83,273.666667,P1,1,83,204.500000
RH,63,274.375000,P1,5,63,205.000000
RH,66,274.375000,P1,5,66,205.000000
RH,85,275.125000,P1,1,85,205.500000
RH,81,275.625000,P1,1,81,205.875000
RH,81,275.875000,P1,1,81,206.000000
RH,64,276.375000,P1,5,64,206.500000
RH,71,276.375000,P1,5,71,206.500000
RH,64,277.000000,P1,5,64,207.000000
RH,71,277.000000,P1,5,71,207.000000
RH,80,277.000000,P1,1,80,207.000000
RH,69,277.666667,P1,5,69,207.500000
RH,81,277.666667,P1,1,81,207.500000
RH,66,277.750000,P1,5,66,207.500000
RH,78,278.125000,P1,1,78,207.875000
RH,71,278.375000,P1,5,71,208.000000
RH,76,278.375000,P1,1,76,208.000000
RH,68,278.500000,P1,5,68,208.000000
RH,80,278.625000,P1,1,80,208.166667
RH,78,278.750000,P1,1,78,208.333333
RH,76,279.000000,P1,1,76,208.500000
RH,80,279.250000,P1,1,80,208.666667
RH,83,279.375000,P1,1,83,208.833333
RH,88,279.625000,P1,1,88,209.000000
RH,87,279.750000,P1,1,87,209.166667
RH,85,280.000000,P1,1,85,209.333333
RH,69,280.125000,P1,6,69,209.500000
RH,76,280.125000,P1,5,76,209.500000
RH,83,280.125000,P1,1,83,209.500000
RH,81,280.375000,P1,1,81,209.666667
RH,80,280.625000,P1,1,80,209.833333
RH,71,280.750000,P1,6,71,210.000000
RH,76,280.750000,P1,5,76,210.000000
RH,80,280.875000,P1,1,80,210.000000
RH,75,281.500000,P1,5,75,210.500000
RH,78,281.500000,P1,1,78,210.500000
LH,59,282.250000,P1,5,59,211.000000
RH,61,282.375000,P1,5,61,211.166667
LH,59,282.625000,P1,5,59,211.333333
LH,57,282.750000,P1,5,57,211.500000
LH,56,283.000000,P1,5,56,211.666667
LH,54,283.125000,P1,5,54,211.833333
LH,52,283.375000,P1,5,52,212.000000
RH,76,283.625000,P1,1,76,212.166667
RH,75,283.875000,P1,1,75,212.333333
RH,73,284.000000,P1,1,73,212.500000
RH,71,284.250000,P1,1,71,212.666667
RH,69,284.375000,P1,1,69,212.833333
RH,68,284.625000,P1,1,68,213.000000
RH,66,284.750000,P1,1,66,213.166667
RH,64,285.000000,P1,1,64,213.333333
LH,57,285.250000,P1,5,57,213.500000
RH,63,285.250000,P1,1,63,213.500000
RH,66,285.375000,P1,1,66,213.666667
RH,71,285.625000,P1,1,71,213.833333
LH,56,285.875000,P1,5,56,214.000000
RH,64,285.875000,P1,1,64,214.000000
RH,68,286.000000,P1,1,68,214.166667
RH,71,286.250000,P1,1,71,214.333333
LH,51,286.375000,P1,5,51,214.500000
RH,66,286.375000,P1,1,66,214.500000
RH,69,286.625000,P1,1,69,214.666667
RH,71,286.875000,P1,1,71,214.833333
LH,52,287.000000,P1,5,52,215.000000
RH,68,287.000000,P1,1,68,215.000000
RH,69,287.250000,P1,1,69,215.166667
RH,71,287.500000,P1,1,71,215.333333
LH,54,287.666667,P1,5,54,215.500000
RH,69,287.666667,P1,1,69,215.500000
RH,71,287.875000,P1,1,71,215.666667
RH,73,288.125000,P1,1,73,215.833333
LH,56,288.333333,P1,5,56,216.000000
RH,71,288.333333,P1,1,71,216.000000
RH,76,288.500000,P1,1,76,216.166667
RH,75,288.750000,P1,1,75,216.333333
RH,73,289.000000,P1,1,73,216.500000
RH,71,289.125000,P1,1,71,216.666667
RH,69,289.333333,P1,1,69,216.833333
RH,68,289.625000,P1,1,68,217.000000
RH,66,289.750000,P1,1,66,217.166667
RH,64,290.000000,P1,1,64,217.333333
LH,57,290.125000,P1,5,57,217.500000
RH,63,290.125000,P1,1,63,217.500000
RH,66,290.375000,P1,1,66,217.666667
RH,71,290.500000,P1,1,71,217.833333
LH,56,290.750000,P1,5,56,218.000000
RH,64,290.750000,P1,1,64,218.000000
RH,68,291.000000,P1,1,68,218.166667
RH,71,291.125000,P1,1,71,218.333333
LH,51,291.375000,P1,5,51,218.500000
RH,66,291.375000,P1,1,66,218.500000
RH,69,291.625000,P1,1,69,218.666667
RH,71,291.875000,P1,1,71,218.833333
LH,52,292.000000,P1,5,52,219.000000
RH,68,292.000000,P1,1,68,219.000000
RH,69,292.250000,P1,1,69,219.166667
RH,71,292.500000,P1,1,71,219.333333
LH,54,292.625000,P1,5,54,219.500000
RH,69,292.666667,P1,1,69,219.500000
RH,71,292.875000,P1,1,71,219.666667
RH,73,293.000000,P1,1,73,219.833333
LH,56,293.250000,P1,5,56,220.000000
RH,71,293.333333,P1,1,71,220.000000
RH,76,293.500000,P1,1,76,220.166667
RH,75,293.750000,P1,1,75,220.333333
RH,73,294.000000,P1,1,73,220.500000
RH,71,294.125000,P1,1,71,220.666667
RH,69,294.333333,P1,1,69,220.833333
RH,68,294.500000,P1,1,68,221.000000
RH,66,294.750000,P1,1,66,221.166667
RH,64,295.000000,P1,1,64,221.333333
RH,74,295.125000,P1,1,74,221.500000
RH,73,295.375000,P1,1,73,221.666667
RH,71,295.500000,P1,1,71,221.833333
RH,72,295.875000,P1,1,72,222.000000
LH,57,296.500000,P1,5,57,222.500000
RH,64,296.500000,P1,5,64,222.500000
LH,57,297.125000,P1,5,57,223.000000
RH,64,297.125000,P1,5,64,223.000000
RH,73,297.125000,P1,1,73,223.000000
RH,81,297.750000,P1,1,81,223.500000
RH,80,298.000000,P1,1,80,223.666667
RH,78,298.250000,P1,1,78,223.833333
RH,77,298.375000,P1,1,77,224.000000
RH,68,299.000000,P1,5,68,224.500000
RH,71,299.000000,P1,5,71,224.500000
RH,78,299.750000,P1,1,78,225.000000
RH,69,299.875000,P1,5,69,225.000000
RH,73,299.875000,P1,5,73,225.000000
RH,85,300.625000,P1,1,85,225.500000
RH,81,300.750000,P1,1,81,225.666667
RH,78,300.875000,P1,1,78,225.833333
LH,59,301.250000,P1,5,59,226.000000
RH,68,301.250000,P1,5,68,226.000000
RH,76,301.250000,P1,1,76,226.000000
RH,66,302.500000,P1,5,66,227.000000
RH,75,302.500000,P1,1,75,227.000000
RH,76,303.625000,P1,1,76,228.000000
RH,80,303.750000,P1,1,80,228.000000
LH,52,303.875000,P1,5,52,228.000000
RH,83,303.875000,P1,1,83,228.000000
RH,88,303.875000,P1,1,88,228.000000
LH,56,304.125000,P1,5,56,228.166667
LH,57,304.333333,P1,5,57,228.333333
LH,59,304.500000,P1,5,59,228.500000
RH,61,304.750000,P1,5,61,228.666667
RH,63,305.000000,P1,5,63,228.833333
RH,64,305.125000,P1,5,64,229.000000
RH,66,305.375000,P1,5,66,229.166667
RH,69,305.750000,P1,5,69,229.500000
RH,71,305.750000,P1,1,71,229.500000
RH,73,306.000000,P1,1,73,229.666667
RH,75,306.125000,P1,1,75,229.833333
RH,68,306.333333,P1,5,68,230.000000
RH,76,306.333333,P1,1,76,230.000000
RH,80,306.500000,P1,1,80,230.166667
RH,83,306.750000,P1,1,83,230.333333
RH,88,307.000000,P1,1,88,230.500000
RH,87,307.125000,P1,1,87,230.666667
RH,85,307.333333,P1,1,85,230.833333
RH,83,307.500000,P1,1,83,231.000000
RH,81,307.750000,P1,1,81,231.166667
RH,80,307.875000,P1,1,80,231.333333
LH,59,308.125000,P1,5,59,231.500000
RH,63,308.125000,P1,5,63,231.500000
RH,78,308.125000,P1,1,78,231.500000
RH,80,308.333333,P1,1,80,231.666667
RH,81,308.500000,P1,1,81,231.833333
LH,52,308.666667,P1,5,52,232.000000
RH,80,308.666667,P1,1,80,232.000000
LH,56,308.875000,P1,5,56,232.166667
LH,57,309.125000,P1,5,57,232.333333
LH,59,309.333333,P1,5,59,232.500000
RH,61,309.500000,P1,5,61,232.666667
RH,63,309.666667,P1,5,63,232.833333
RH,64,309.875000,P1,5,64,233.000000
RH,66,310.125000,P1,5,66,233.166667
RH,68,310.250000,P1,5,68,233.333333
RH,69,310.500000,P1,5,69,233.500000
RH,73,310.666667,P1,1,73,233.666667
RH,75,310.875000,P1,1,75,233.833333
RH,68,311.125000,P1,5,68,234.000000
RH,76,311.125000,P1,1,76,234.000000
RH,80,311.333333,P1,1,80,234.166667
RH,83,311.500000,P1,1,83,234.333333
RH,88,311.666667,P1,1,88,234.500000
RH,87,311.875000,P1,1,87,234.666667
RH,85,312.125000,P1,1,85,234.833333
RH,83,312.333333,P1,1,83,235.000000
RH,73,313.000000,P1,5,73,235.500000
RH,88,313.000000,P1,1,88,235.500000
RH,71,313.250000,P1,5,71,235.666667
RH,87,313.250000,P1,1,87,235.666667
RH,69,313.500000,P1,5,69,235.833333
RH,85,313.500000,P1,1,85,235.833333
RH,68,313.625000,P1,5,68,236.000000
RH,83,313.625000,P1,1,83,236.000000
RH,69,313.875000,P1,5,69,236.166667
RH,85,313.875000,P1,1,85,236.166667
RH,71,314.000000,P1,5,71,236.333333
RH,87,314.000000,P1,1,87,236.333333
RH,73,314.125000,P1,5,73,236.500000
RH,88,314.125000,P1,1,88,236.500000
RH,71,314.333333,P1,5,71,236.666667
RH,87,314.375000,P1,1,87,236.666667
RH,69,314.625000,P1,5,69,236.833333
RH,85,314.625000,P1,1,85,236.833333
RH,68,314.750000,P1,5,68,237.000000
RH,83,314.750000,P1,1,83,237.000000
RH,69,315.000000,P1,5,69,237.166667
RH,85,315.000000,P1,1,85,237.166667
RH,71,315.125000,P1,5,71,237.333333
RH,87,315.125000,P1,1,87,237.333333
RH,73,315.375000,P1,5,73,237.500000
RH,88,315.375000,P1,1,88,237.500000
RH,71,315.500000,P1,5,71,237.666667
RH,87,315.500000,P1,1,87,237.666667
RH,69,315.750000,P1,5,69,237.833333
RH,85,315.750000,P1,1,85,237.833333
RH,68,316.000000,P1,5,68,238.000000
RH,83,316.000000,P1,1,83,238.000000
RH,85,316.125000,P1,1,85,238.166667
RH,86,316.333333,P1,1,86,238.333333
RH,69,316.500000,P1,5,69,238.500000
RH,85,316.500000,P1,1,85,238.500000
RH,86,316.750000,P1,1,86,238.666667
RH,88,317.000000,P1,1,88,238.833333
RH,71,317.250000,P1,5,71,239.000000
RH,86,317.250000,P1,1,86,239.000000
RH,64,317.875000,P1,5,64,239.500000
RH,87,318.750000,P1,1,87,240.166667
RH,88,319.000000,P1,1,88,240.333333
RH,87,319.250000,P1,1,87,240.500000
RH,85,319.375000,P1,1,85,240.666667
RH,83,319.625000,P1,1,83,240.833333
RH,81,319.875000,P1,1,81,241.000000
RH,80,320.000000,P1,1,80,241.166667
RH,78,320.250000,P1,1,78,241.333333
RH,76,320.375000,P1,1,76,241.500000
RH,75,320.625000,P1,1,75,241.666667
RH,73,320.750000,P1,1,73,241.833333
RH,71,321.000000,P1,1,71,242.000000
LH,56,321.625000,P1,5,56,242.500000
LH,57,322.250000,P1,5,57,243.000000
RH,78,322.250000,P1,1,78,243.000000
LH,59,322.750000,P1,5,59,243.500000
LH,52,323.375000,P1,5,52,244.000000
LH,56,323.625000,P1,5,56,244.166667
LH,59,323.875000,P1,5,59,244.333333
RH,64,324.000000,P1,5,64,244.500000
LH,59,324.250000,P1,5,59,244.666667
LH,56,324.375000,P1,5,56,244.833333
LH,52,324.666667,P1,5,52,245.000000
RH,68,325.333333,P1,5,68,245.500000
RH,71,325.333333,P1,1,71,245.500000
RH,73,325.500000,P1,1,73,245.666667
RH,71,325.666667,P1,1,71,245.833333
RH,65,325.875000,P1,5,65,246.000000
RH,74,325.875000,P1,1,74,246.000000
RH,73,326.125000,P1,1,73,246.166667
RH,71,326.333333,P1,1,71,246.333333
RH,66,326.500000,P1,5,66,246.500000
RH,69,326.500000,P1,1,69,246.500000
RH,71,326.750000,P1,1,71,246.666667
RH,69,327.000000,P1,1,69,246.833333
RH,63,327.125000,P1,5,63,247.000000
RH,73,327.125000,P1,1,73,247.000000
RH,71,327.333333,P1,1,71,247.166667
RH,69,327.500000,P1,1,69,247.333333
RH,64,327.750000,P1,5,64,247.500000
RH,68,327.750000,P1,1,68,247.500000
RH,71,328.000000,P1,1,71,247.666667
RH,76,328.125000,P1,1,76,247.833333
LH,57,328.333333,P1,5,57,248.000000
RH,73,328.375000,P1,1,73,248.000000
RH,71,328.625000,P1,1,71,248.166667
RH,69,328.750000,P1,1,69,248.333333
LH,58,329.000000,P1,5,58,248.500000
RH,68,329.000000,P1,1,68,248.500000
RH,69,329.125000,P1,1,69,248.666667
RH,66,329.333333,P1,1,66,248.833333
LH,59,329.500000,P1,5,59,249.000000
RH,64,329.500000,P1,1,64,249.000000
LH,47,330.125000,P1,5,47,249.500000
RH,66,330.125000,P1,1,66,249.500000
RH,66,330.500000,P1,1,66,249.500000
LH,52,330.750000,P1,5,52,250.000000
RH,64,330.750000,P1,1,64,250.000000
LH,47,331.000000,P1,5,47,250.166667
LH,44,331.250000,P1,5,44,250.333333
LH,40,331.375000,P1,5,40,250.500000
LH,44,331.625000,P1,5,44,250.666667
LH,47,331.750000,P1,5,47,250.833333
LH,52,332.000000,P1,5,52,251.000000
LH,56,332.666667,P1,5,56,251.500000
RH,62,332.666667,P1,1,62,251.500000
LH,59,332.750000,P1,1,59,251.500000
LH,53,333.375000,P1,5,53,252.000000
RH,61,333.375000,P1,1,61,252.000000
LH,57,334.000000,P1,2,57,252.500000
LH,54,334.125000,P1,5,54,252.500000
LH,51,334.750000,P1,5,51,253.000000
LH,59,334.750000,P1,1,59,253.000000
LH,52,335.375000,P1,5,52,253.500000
LH,56,335.375000,P1,2,56,253.500000
LH,45,335.875000,P1,6,45,254.000000
LH,49,336.000000,P1,6,49,254.000000
LH,54,336.000000,P1,5,54,254.000000
LH,57,336.000000,P1,1,57,254.000000
RH,61,336.000000,P1,1,61,254.000000
RH,66,336.125000,P1,1,66,254.000000
RH,69,337.333333,P1,1,69,254.666667
RH,66,337.500000,P1,1,66,254.833333
LH,56,337.666667,P1,5,56,255.000000
RH,64,337.666667,P1,1,64,255.000000
LH,47,337.750000,P1,6,47,255.000000
LH,54,338.333333,P1,5,54,255.500000
RH,63,338.375000,P1,1,63,255.500000
RH,64,339.000000,P1,1,64,256.000000
LH,52,339.125000,P1,5,52,256.000000
RH,68,339.333333,P1,1,68,256.166667
RH,71,339.625000,P1,1,71,256.333333
RH,76,339.750000,P1,1,76,256.500000
RH,71,340.000000,P1,1,71,256.666667
RH,68,340.125000,P1,1,68,256.833333
RH,64,340.375000,P1,1,64,257.000000
LH,59,340.625000,P1,1,59,257.166667
LH,56,340.750000,P1,1,56,257.333333
LH,52,341.000000,P1,1,52,257.500000
LH,47,341.250000,P1,1,47,257.666667
LH,44,341.375000,P1,1,44,257.833333
